name,cost_text,coordinates,rooms,desc,available_date,property_type,nearest_schools
54 Ormiston Crescent Werribee VIC 3030,$620,"[-37.9045921, 144.6197874]","['5 Beds', '5 Baths', '2 Parking']","Brand new 5-bedroom home that comes with a timeless appeal, quality finishes and in an excellent location, is a testament to comfortable living. Basking in an abundance of natural light that flows through the home is indulgently spacious with numerous living areas of all to enjoy, gives you a great sense of space &amp; comfort throughout.
Upon grand double door entrance downstairs, you will find",Available Now,House,['3.4 km away']
87 Union Road Ascot Vale VIC 3032,$880 P/W,"[-37.7770172, 144.9150343]","['5 Beds', '2 Baths', '2 Parking']","The property consists of 3 bedrooms and 1 bathroom internally and a separate bungalow which provides 2 bedrooms and a separate bathroom. Internet is accessible to the bungalow. Other features include split systems, a study nook. Located close to public transport with a bus stop and tram stop across the road and a short drive to the shops.",Available Now,House,"['0.5 km away', '1.7 km away', '7.9 km away']"
54 Elmhurst Road Gladstone Park VIC 3043,"$500.00 PW / $2,173.00","[-37.6959716, 144.891045]","['5 Beds', '2 Baths', '2 Parking', '535m² ']","This beautiful family home offers fantastic space both inside and out, allowing the whole family to stretch out and enjoy. The spacious floor plan is highlighted by an open plan feel, boasting a formal lounge and dining room, a central timber kitchen with natural light, an adjoining meals/family room and laundry. The bright kitchen includes stainless steel dishwasher, new oven/cooktop, leadlight","Saturday, 24th September 2022",House,"['0.8 km away', '0.9 km away']"
6 Elenya Court Frankston VIC 3199,$650 pw,"[-38.13776540000001, 145.1687369]","['5 Beds', '2 Baths', '3 Parking']"," class=""css-dxogle"">* Unverified feature<svg aria-hidden=""true"" class=""domain-icon css-kry84i"" viewbox=""0 0 18 18""><circle cx=""9.5"" cy=""9.5"" fill=""none"" r=""6.5"" stroke=""currentColor"" stroke-width=""2""></circle><path d=""M9.5 11.5v-3"" fill=""none"" stroke=""currentColor""></path><circle cx=""9.5"" cy=""6.5"" fill=""currentColor"" r="".5""></circle></svg","Friday, 30th September 2022",House,"['0.4 km away', '0.6 km away', '1.2 km away']"
20 Astley Wynd Lynbrook VIC 3975,$610,"[-38.0472882, 145.2482351]","['5 Beds', '2 Baths', '4 Parking']","This property will impress those looking for an elegant and exquisite home. Features include:
-Five bedrooms
-Formal lounge plus separate living area
-Spacious kitchen perfect for entertaining over looking spacious meals area
-Large main bathroom with spa bath
-Separate toilet with its own basin
-Evaporative cooling &amp; ducted heating
-Two spacious under cover areas
-Remote access double garage",Available Now,House,"['0.5 km away', '1.7 km away', '12.3 km away']"
43 Bent St Caulfield South VIC 3162,"$1,200 weekly","[-37.8934323, 145.0326079]","['5 Beds', '2 Baths', '2 Parking']",Leasing Concierge,"Friday, 30th September 2022",House,"['0.3 km away', '1 km away', '4.5 km away']"
2/1594 Dandenong Road Huntingdale VIC 3166,$650 per week,"[-37.9036873, 145.1093983]","['5 Beds', '3 Baths', '1 Parking']",This almost brand new townhouse has all you need. It features spacious lounge room and kitchen with meal area downstairs. ,"Saturday, 1st October 2022",Townhouse,"['0.4 km away', '2.7 km away', '4.9 km away']"
29 Marquis Avenue Mornington VIC 3931,$800 weekly,"[-38.2471212, 145.0603848]","['5 Beds', '2 Baths', '2 Parking']"," class=""css-dxogle"">* Unverified feature<svg aria-hidden=""true"" class=""domain-icon css-kry84i"" viewbox=""0 0 18 18""><circle cx=""9.5"" cy=""9.5"" fill=""none"" r=""6.5"" stroke=""currentColor"" stroke-width=""2""></circle><path d=""M9.5 11.5v-3"" fill=""none"" stroke=""currentColor""></path><circle cx=""9.5"" cy=""6.5"" fill=""currentColor"" r="".5""></circle></svg","Wednesday, 5th October 2022",House,"['0.1 km away', '3.2 km away', '15.9 km away']"
10 Katta Court Ashwood VIC 3147,$560.00,"[-37.8707445, 145.1034031]","['5 Beds', '1 Bath', '4 Parking']",Rachel Sawyer,"Friday, 30th September 2022",House,"['0.7 km away', '0.9 km away', '1.3 km away']"
20 Hessel Avenue Doreen VIC 3754,$650,"[-37.6025633, 145.1215283]","['5 Beds', '2 Baths', '2 Parking', '611m² ']"," class=""css-dxogle"">* Unverified feature<svg aria-hidden=""true"" class=""domain-icon css-kry84i"" viewbox=""0 0 18 18""><circle cx=""9.5"" cy=""9.5"" fill=""none"" r=""6.5"" stroke=""currentColor"" stroke-width=""2""></circle><path d=""M9.5 11.5v-3"" fill=""none"" stroke=""currentColor""></path><circle cx=""9.5"" cy=""6.5"" fill=""currentColor"" r="".5""></circle></svg",Available Now,House,['0.5 km away']
84 Turpentine Road Brookfield VIC 3338,$460,"[-37.6920956, 144.5398468]","['5 Beds', '2 Baths', '2 Parking']"," class=""css-dxogle"">* Unverified feature<svg aria-hidden=""true"" class=""domain-icon css-kry84i"" viewbox=""0 0 18 18""><circle cx=""9.5"" cy=""9.5"" fill=""none"" r=""6.5"" stroke=""currentColor"" stroke-width=""2""></circle><path d=""M9.5 11.5v-3"" fill=""none"" stroke=""currentColor""></path><circle cx=""9.5"" cy=""6.5"" fill=""currentColor"" r="".5""></circle></svg",Available Now,House,"['2.2 km away', '2.6 km away', '2.8 km away']"
12 Heathfield Road Brighton East VIC 3187,"$2,300.00","[-37.92743249999999, 145.0064328]","['5 Beds', '4 Baths', '3 Parking']",Simone Buckley,"Tuesday, 8th November 2022",House,"['0.7 km away', '1.4 km away', '4.9 km away']"
399 Brunswick Road Brunswick VIC 3056,"$1,200.00","[-37.7755806, 144.9502783]","['5 Beds', '3 Baths', '2 Parking']",Helena  Eglezos,"Friday, 7th October 2022",House,"['0.7 km away', '0.8 km away']"
8 Hound Street Wyndham Vale VIC 3024,$450.00,"[-37.8725439, 144.6164186]","['5 Beds', '2 Baths', '2 Parking', '407m² ']"," class=""css-dxogle"">* Unverified feature<svg aria-hidden=""true"" class=""domain-icon css-kry84i"" viewbox=""0 0 18 18""><circle cx=""9.5"" cy=""9.5"" fill=""none"" r=""6.5"" stroke=""currentColor"" stroke-width=""2""></circle><path d=""M9.5 11.5v-3"" fill=""none"" stroke=""currentColor""></path><circle cx=""9.5"" cy=""6.5"" fill=""currentColor"" r="".5""></circle></svg","Saturday, 15th October 2022",House,['1.3 km away']
1 Hackberry Place Berwick VIC 3806,$580 p.w.,"[-38.0750446, 145.3593104]","['5 Beds', '2 Baths', '2 Parking', '542m² ']","Beautifully built home located in the Orchard Rise Estate, located close to schools, public transport and a short drive to Eden Rise Shopping Centre.
This family home presents 4 bedrooms plus a study or 5th bed.
Master featuring full Ensuite with his &amp; hers vanity as well as his &amp; hers walk in robes. The generously sized additional bedrooms are fitted with built in robes.
Kitchen boasting stone","Friday, 21st October 2022",House,"['1.4 km away', '2.6 km away', '19.7 km away']"
72-80 Waterson Place Drysdale VIC 3222,"$1,200 pw","[-38.1820385, 144.5787176]","['5 Beds', '3 Baths', '10 Parking']"," class=""css-dxogle"">* Unverified feature<svg aria-hidden=""true"" class=""domain-icon css-kry84i"" viewbox=""0 0 18 18""><circle cx=""9.5"" cy=""9.5"" fill=""none"" r=""6.5"" stroke=""currentColor"" stroke-width=""2""></circle><path d=""M9.5 11.5v-3"" fill=""none"" stroke=""currentColor""></path><circle cx=""9.5"" cy=""6.5"" fill=""currentColor"" r="".5""></circle></svg","Tuesday, 27th September 2022",House,"['1.6 km away', '2.2 km away']"
39 Westonbury Drive Truganina VIC 3029,$490,"[-37.8480509, 144.730631]","['5 Beds', '2 Baths', '2 Parking']"," class=""css-dxogle"">* Unverified feature<svg aria-hidden=""true"" class=""domain-icon css-kry84i"" viewbox=""0 0 18 18""><circle cx=""9.5"" cy=""9.5"" fill=""none"" r=""6.5"" stroke=""currentColor"" stroke-width=""2""></circle><path d=""M9.5 11.5v-3"" fill=""none"" stroke=""currentColor""></path><circle cx=""9.5"" cy=""6.5"" fill=""currentColor"" r="".5""></circle></svg","Friday, 23rd September 2022",House,"['0.7 km away', '1.4 km away', '4.8 km away']"
42 St Georges Boulevard Mickleham VIC 3064,$600 wk,"[-37.5313839, 144.9068491]","['5 Beds', '3 Baths', '2 Parking']"," class=""css-dxogle"">* Unverified feature<svg aria-hidden=""true"" class=""domain-icon css-kry84i"" viewbox=""0 0 18 18""><circle cx=""9.5"" cy=""9.5"" fill=""none"" r=""6.5"" stroke=""currentColor"" stroke-width=""2""></circle><path d=""M9.5 11.5v-3"" fill=""none"" stroke=""currentColor""></path><circle cx=""9.5"" cy=""6.5"" fill=""currentColor"" r="".5""></circle></svg","Tuesday, 20th September 2022",House,['5.6 km away']
45 Medallion Boulevard Tarneit VIC 3029,$550 per week,"[-37.8400622, 144.640716]","['5 Beds', '3 Baths', '2 Parking']"," class=""css-dxogle"">* Unverified feature<svg aria-hidden=""true"" class=""domain-icon css-kry84i"" viewbox=""0 0 18 18""><circle cx=""9.5"" cy=""9.5"" fill=""none"" r=""6.5"" stroke=""currentColor"" stroke-width=""2""></circle><path d=""M9.5 11.5v-3"" fill=""none"" stroke=""currentColor""></path><circle cx=""9.5"" cy=""6.5"" fill=""currentColor"" r="".5""></circle></svg",Available Now,House,"['3.5 km away', '3.5 km away']"
7 Halliday Street Mount Waverley VIC 3149,$900,"[-37.8797615, 145.1115051]","['5 Beds', '2 Baths', '4 Parking']"," class=""css-dxogle"">* Unverified feature<svg aria-hidden=""true"" class=""domain-icon css-kry84i"" viewbox=""0 0 18 18""><circle cx=""9.5"" cy=""9.5"" fill=""none"" r=""6.5"" stroke=""currentColor"" stroke-width=""2""></circle><path d=""M9.5 11.5v-3"" fill=""none"" stroke=""currentColor""></path><circle cx=""9.5"" cy=""6.5"" fill=""currentColor"" r="".5""></circle></svg","Friday, 21st October 2022",House,"['1 km away', '1.9 km away', '12 km away']"
2 Almond Court Thomastown VIC 3074,$500 Per Week,"[-37.6800626, 145.0045819]","['5 Beds', '2 Baths', '2 Parking']"," class=""css-dxogle"">* Unverified feature<svg aria-hidden=""true"" class=""domain-icon css-kry84i"" viewbox=""0 0 18 18""><circle cx=""9.5"" cy=""9.5"" fill=""none"" r=""6.5"" stroke=""currentColor"" stroke-width=""2""></circle><path d=""M9.5 11.5v-3"" fill=""none"" stroke=""currentColor""></path><circle cx=""9.5"" cy=""6.5"" fill=""currentColor"" r="".5""></circle></svg",Available Now,House,"['0.2 km away', '0.4 km away', '1.7 km away']"
15 Abingdon Boulevard Lara VIC 3212,$580,"[-38.0286856, 144.3987109]","['5 Beds', '2 Baths', '2 Parking']"," class=""css-dxogle"">* Unverified feature<svg aria-hidden=""true"" class=""domain-icon css-kry84i"" viewbox=""0 0 18 18""><circle cx=""9.5"" cy=""9.5"" fill=""none"" r=""6.5"" stroke=""currentColor"" stroke-width=""2""></circle><path d=""M9.5 11.5v-3"" fill=""none"" stroke=""currentColor""></path><circle cx=""9.5"" cy=""6.5"" fill=""currentColor"" r="".5""></circle></svg","Friday, 30th September 2022",House,"['0.3 km away', '1.7 km away', '10.9 km away']"
15 Kyogle Avenue Point Cook VIC 3030,$500 per week,"[-37.9098998, 144.7181779]","['5 Beds', '2 Baths', '2 Parking']"," class=""css-dxogle"">* Unverified feature<svg aria-hidden=""true"" class=""domain-icon css-kry84i"" viewbox=""0 0 18 18""><circle cx=""9.5"" cy=""9.5"" fill=""none"" r=""6.5"" stroke=""currentColor"" stroke-width=""2""></circle><path d=""M9.5 11.5v-3"" fill=""none"" stroke=""currentColor""></path><circle cx=""9.5"" cy=""6.5"" fill=""currentColor"" r="".5""></circle></svg","Wednesday, 5th October 2022",House,"['1.2 km away', '2.9 km away']"
25 Viogner Place Waurn Ponds VIC 3216,$550 weekly,"[-38.2154627, 144.3024468]","['5 Beds', '2 Baths', '2 Parking']"," class=""css-dxogle"">* Unverified feature<svg aria-hidden=""true"" class=""domain-icon css-kry84i"" viewbox=""0 0 18 18""><circle cx=""9.5"" cy=""9.5"" fill=""none"" r=""6.5"" stroke=""currentColor"" stroke-width=""2""></circle><path d=""M9.5 11.5v-3"" fill=""none"" stroke=""currentColor""></path><circle cx=""9.5"" cy=""6.5"" fill=""currentColor"" r="".5""></circle></svg","Wednesday, 12th October 2022",House,"['2.2 km away', '2.5 km away', '8.6 km away']"
6 Bass Street Flinders VIC 3929,$1300 Per Week,"[-38.4766732, 145.0226621]","['5 Beds', '2 Baths', '2 Parking']",Chelsey O’Brien,Available Now,House,"['12.4 km away', '14.9 km away']"
9 Forestmill Way Strathtulloh VIC 3338,"$550pw/$2,390pcm","[-37.7232308, 144.5908037]","['5 Beds', '3 Baths', '2 Parking']"," class=""css-dxogle"">* Unverified feature<svg aria-hidden=""true"" class=""domain-icon css-kry84i"" viewbox=""0 0 18 18""><circle cx=""9.5"" cy=""9.5"" fill=""none"" r=""6.5"" stroke=""currentColor"" stroke-width=""2""></circle><path d=""M9.5 11.5v-3"" fill=""none"" stroke=""currentColor""></path><circle cx=""9.5"" cy=""6.5"" fill=""currentColor"" r="".5""></circle></svg",Available Now,House,"['2.6 km away', '5.1 km away']"
43 Rose Avenue Glen Waverley VIC 3150,"$1,200 Per Week","[-37.8766438, 145.1572012]","['5 Beds', '5 Baths', '2 Parking']"," class=""css-dxogle"">* Unverified feature<svg aria-hidden=""true"" class=""domain-icon css-kry84i"" viewbox=""0 0 18 18""><circle cx=""9.5"" cy=""9.5"" fill=""none"" r=""6.5"" stroke=""currentColor"" stroke-width=""2""></circle><path d=""M9.5 11.5v-3"" fill=""none"" stroke=""currentColor""></path><circle cx=""9.5"" cy=""6.5"" fill=""currentColor"" r="".5""></circle></svg",Available Now,House,"['0.5 km away', '1 km away', '12.5 km away']"
14 Bellfield Court Wyndham Vale VIC 3024,$410,"[-37.8826477, 144.6154288]","['5 Beds', '2 Baths', '1 Parking']"," class=""css-dxogle"">* Unverified feature<svg aria-hidden=""true"" class=""domain-icon css-kry84i"" viewbox=""0 0 18 18""><circle cx=""9.5"" cy=""9.5"" fill=""none"" r=""6.5"" stroke=""currentColor"" stroke-width=""2""></circle><path d=""M9.5 11.5v-3"" fill=""none"" stroke=""currentColor""></path><circle cx=""9.5"" cy=""6.5"" fill=""currentColor"" r="".5""></circle></svg","Monday, 26th September 2022",House,['1.5 km away']
136 Richardson Street Albert Park VIC 3206,$2500.00 per week,"[-37.845378, 144.9534616]","['5 Beds', '2 Baths', '1 Parking']",Maree Naylor,"Friday, 2nd December 2022",House,"['0.4 km away', '0.5 km away', '1.4 km away']"
2/47 Briggs Street Mount Waverley VIC 3149,$800.00,"[-37.8963456, 145.1126257]","['5 Beds', '3 Baths', '2 Parking']",Steven Zarokostas,Available Now,Townhouse,"['0.6 km away', '3.5 km away', '5.6 km away']"
75 Tower Hill Drive Lara VIC 3212,$525,"[-38.0543581, 144.3431924]","['5 Beds', '3 Baths', '− Parking']",". Facing UGZ (Future residential in Geelong Northern growth corridor).
. Minutes drive to Geelong Ring Road.
. Perfect located to all desired amenities (School, Shops and Transport).
. Future school, shops and Activity centre a stone's throw away.
. 6 Minutes Drive to Corio village.
. Double Brick down/Brick Veneer up House.
. 5 Bedroom 2 bathroom.
. Corner Block.
. 2 Large Living Area and Dinning",Available Now,Acreage / Semi-Rural,"['3 km away', '6.7 km away']"
18-20 Landor Close Hoppers Crossing VIC 3029,$600 per week,"[-37.8633465, 144.7014829]","['5 Beds', '2 Baths', '2 Parking']","OBRIEN REAL ESTATE WERRIBEE WELCOMES YOU TO 18-20 Landor Close Hoppers Crossing. 
Please click on the ""APPLY"" button for your application to be shortlisted and we will contact you to arrange an inspection. We also accept applications as digitally viewed online. Enjoy our virtual tour by clicking on the 3D button on the main image. ",Available Now,House,"['1 km away', '1 km away']"
117 Flemington Road North Melbourne VIC 3051,$700pw/$3042pcm,"[-37.7973303, 144.9514398]","['5 Beds', '2 Baths', '− Parking']"," class=""css-dxogle"">* Unverified feature<svg aria-hidden=""true"" class=""domain-icon css-kry84i"" viewbox=""0 0 18 18""><circle cx=""9.5"" cy=""9.5"" fill=""none"" r=""6.5"" stroke=""currentColor"" stroke-width=""2""></circle><path d=""M9.5 11.5v-3"" fill=""none"" stroke=""currentColor""></path><circle cx=""9.5"" cy=""6.5"" fill=""currentColor"" r="".5""></circle></svg",Available Now,House,"['0.2 km away', '0.4 km away']"
3 Metroon Drive Weir Views VIC 3338,$420 per week,"[-37.7232814, 144.5677121]","['5 Beds', '3 Baths', '2 Parking']"," class=""css-dxogle"">* Unverified feature<svg aria-hidden=""true"" class=""domain-icon css-kry84i"" viewbox=""0 0 18 18""><circle cx=""9.5"" cy=""9.5"" fill=""none"" r=""6.5"" stroke=""currentColor"" stroke-width=""2""></circle><path d=""M9.5 11.5v-3"" fill=""none"" stroke=""currentColor""></path><circle cx=""9.5"" cy=""6.5"" fill=""currentColor"" r="".5""></circle></svg",Available Now,House,"['1.7 km away', '1.7 km away', '4.7 km away']"
164 Yan Yean Road Plenty VIC 3090,$700 pw/ $3042 per calendar month,"[-37.6658007, 145.1254061]","['5 Beds', '2 Baths', '− Parking']",IMPORTANT: You must register for the inspection to ensure you are notified of any changes to the inspection.,Available Now,House,"['2.4 km away', '2.6 km away']"
15 Tobias Avenue Glen Waverley VIC 3150,$610 per week,"[-37.887185, 145.1682625]","['5 Beds', '3 Baths', '2 Parking', '736m² ']","The property has two separate entries, comprising two formal lounges, four bedrooms (two good-sized master bedrooms with en-suite), two fully equipped kitchens and two laundries in total. The main part of the house boasts a formal lounge, formal dining and a bright kitchen, 2 good-sized bedrooms all with built-in-robes (one with ensuite), a study/3rd bedroom and a family bathroom. The other part",Available Now,House,"['0.9 km away', '1.1 km away', '1.4 km away']"
2 Burramine Road Glen Waverley VIC 3150,$830 pw,"[-37.8841459, 145.1714324]","['5 Beds', '2 Baths', '2 Parking']",Ranjit Singh,Available Now,House,"['0.6 km away', '1 km away']"
31 George Avenue Tyabb VIC 3913,$1300,"[-38.253955, 145.180575]","['5 Beds', '2 Baths', '5 Parking', '16,200m² ']"," class=""css-dxogle"">* Unverified feature<svg aria-hidden=""true"" class=""domain-icon css-kry84i"" viewbox=""0 0 18 18""><circle cx=""9.5"" cy=""9.5"" fill=""none"" r=""6.5"" stroke=""currentColor"" stroke-width=""2""></circle><path d=""M9.5 11.5v-3"" fill=""none"" stroke=""currentColor""></path><circle cx=""9.5"" cy=""6.5"" fill=""currentColor"" r="".5""></circle></svg",Available Now,House,"['1.4 km away', '3.2 km away', '12 km away']"
210 Napier Street Essendon VIC 3040,$850 Per Week,"[-37.7430482, 144.9203017]","['5 Beds', '2 Baths', '1 Parking']"," class=""css-dxogle"">* Unverified feature<svg aria-hidden=""true"" class=""domain-icon css-kry84i"" viewbox=""0 0 18 18""><circle cx=""9.5"" cy=""9.5"" fill=""none"" r=""6.5"" stroke=""currentColor"" stroke-width=""2""></circle><path d=""M9.5 11.5v-3"" fill=""none"" stroke=""currentColor""></path><circle cx=""9.5"" cy=""6.5"" fill=""currentColor"" r="".5""></circle></svg",Available Now,House,"['0.9 km away', '0.9 km away', '8.5 km away']"
11 Whitlam Green Point Cook VIC 3030,$500 per week,"[-37.895308, 144.7330394]","['5 Beds', '2 Baths', '2 Parking']"," class=""css-dxogle"">* Unverified feature<svg aria-hidden=""true"" class=""domain-icon css-kry84i"" viewbox=""0 0 18 18""><circle cx=""9.5"" cy=""9.5"" fill=""none"" r=""6.5"" stroke=""currentColor"" stroke-width=""2""></circle><path d=""M9.5 11.5v-3"" fill=""none"" stroke=""currentColor""></path><circle cx=""9.5"" cy=""6.5"" fill=""currentColor"" r="".5""></circle></svg",Available Now,House,"['0.7 km away', '1 km away']"
45 Masquerade Road Berwick VIC 3806,$800 Per Week,"[-38.0751714, 145.3647998]","['5 Beds', '5 Baths', '2 Parking']","OBRIEN REAL ESTATE EXPRESS APPROVAL PROPERTY - This property is available for our express application process. You will need to simply inspect the property in the comfort of your home with our 3D Virtual Tour displayed in the advertisement. If you like what you see you can then apply for the property. To do so please press the 'Apply now' button on our website. If you are successful, we will",Available Now,House,"['1.1 km away', '2.8 km away', '20.1 km away']"
30 Acacia Avenue Mentone VIC 3194,$690.00,"[-37.9828968, 145.0855426]","['5 Beds', '1 Bath', '4 Parking']","PROPERTY CURRENTLY BEING PAINTED.
An outstanding opportunity to secure your place in a tightly-held [Suburb] pocket, this double-storey home provides a ready-to-enjoy environment with its generous floorplan, immediate comfort and excellent urban convenience. Well-presented interior features five bedrooms (master with WIR) study, neat central bathroom additional powder room. Add to this a separate","Tuesday, 4th October 2022",House,"['0.4 km away', '1.1 km away', '2.8 km away']"
19 Scott Grove Kingsbury VIC 3083,"$580pw / $2,520pcm","[-37.718288, 145.0366985]","['5 Beds', '2 Baths', '2 Parking']"," class=""css-dxogle"">* Unverified feature<svg aria-hidden=""true"" class=""domain-icon css-kry84i"" viewbox=""0 0 18 18""><circle cx=""9.5"" cy=""9.5"" fill=""none"" r=""6.5"" stroke=""currentColor"" stroke-width=""2""></circle><path d=""M9.5 11.5v-3"" fill=""none"" stroke=""currentColor""></path><circle cx=""9.5"" cy=""6.5"" fill=""currentColor"" r="".5""></circle></svg",Available Now,House,"['0.3 km away', '0.8 km away']"
14 & 14A Milfay Avenue Moonee Ponds VIC 3039,$950pw/$4128pcm,"[-37.767328, 144.9192267]","['5 Beds', '3 Baths', '2 Parking']"," class=""css-dxogle"">* Unverified feature<svg aria-hidden=""true"" class=""domain-icon css-kry84i"" viewbox=""0 0 18 18""><circle cx=""9.5"" cy=""9.5"" fill=""none"" r=""6.5"" stroke=""currentColor"" stroke-width=""2""></circle><path d=""M9.5 11.5v-3"" fill=""none"" stroke=""currentColor""></path><circle cx=""9.5"" cy=""6.5"" fill=""currentColor"" r="".5""></circle></svg",Available Now,House,"['0.9 km away', '2.1 km away', '8.1 km away']"
1789-1805 Melton Highway Bonnie Brook VIC 3335,$770 Per Week,"[-37.681683, 144.647575]","['5 Beds', '2 Baths', '3 Parking', '3,580m² ']","Looking for a property that is not only spacious, but stands out amongst the others? Then this is the property for you!",Available Now,House,"['5.5 km away', '7 km away']"
47 Majestic Way Lara VIC 3212,$520 per week,"[-38.0314426, 144.3898485]","['5 Beds', '2 Baths', '2 Parking']"," class=""css-dxogle"">* Unverified feature<svg aria-hidden=""true"" class=""domain-icon css-kry84i"" viewbox=""0 0 18 18""><circle cx=""9.5"" cy=""9.5"" fill=""none"" r=""6.5"" stroke=""currentColor"" stroke-width=""2""></circle><path d=""M9.5 11.5v-3"" fill=""none"" stroke=""currentColor""></path><circle cx=""9.5"" cy=""6.5"" fill=""currentColor"" r="".5""></circle></svg","Monday, 26th September 2022",House,"['0.5 km away', '2.4 km away', '10.3 km away']"
198 Epping Road Wollert VIC 3750,$550,"[-37.6205116, 145.0297847]","['5 Beds', '3 Baths', '2 Parking']","Well positioned &amp; only moments away from Lyndarum shops, Epping Train Station, Craigieburn Road &amp; Pacific Epping is this spectacularly spacious home. Offering a lifestyle to suit a tenant looking for a quiet lifestyle with some land. This welcoming family home with a grand entrance features a large &amp; modern light filled kitchen with S/S appliances inc dishwasher &amp; ample cupboard space, dining with","Tuesday, 20th September 2022",Acreage / Semi-Rural,"['1 km away', '2.3 km away', '5.3 km away']"
11 Matong Road Mount Eliza VIC 3930,"$1,550 per week","[-38.1854739, 145.0773569]","['5 Beds', '2 Baths', '3 Parking', '1,046m² ']","The intoxicating calm delivered by gentle sea-breezes and mesmerising bay view's deliver a statement in beachside Mount Eliza living, where surprisingly generous proportions and a practical design sit before a hypnotic expansive bay view backdrop. ",Available Now,House,"['0.3 km away', '1.5 km away', '8.6 km away']"
10 Argo Court Epping VIC 3076,$600,"[-37.63386879999999, 145.0216504]","['5 Beds', '2 Baths', '2 Parking']"," class=""css-dxogle"">* Unverified feature<svg aria-hidden=""true"" class=""domain-icon css-kry84i"" viewbox=""0 0 18 18""><circle cx=""9.5"" cy=""9.5"" fill=""none"" r=""6.5"" stroke=""currentColor"" stroke-width=""2""></circle><path d=""M9.5 11.5v-3"" fill=""none"" stroke=""currentColor""></path><circle cx=""9.5"" cy=""6.5"" fill=""currentColor"" r="".5""></circle></svg",Available Now,House,"['0.6 km away', '1.5 km away', '3.7 km away']"
5 Trish Walk Werribee VIC 3030,$575,"[-37.9080923, 144.6849917]","['5 Beds', '2 Baths', '2 Parking']"," class=""css-dxogle"">* Unverified feature<svg aria-hidden=""true"" class=""domain-icon css-kry84i"" viewbox=""0 0 18 18""><circle cx=""9.5"" cy=""9.5"" fill=""none"" r=""6.5"" stroke=""currentColor"" stroke-width=""2""></circle><path d=""M9.5 11.5v-3"" fill=""none"" stroke=""currentColor""></path><circle cx=""9.5"" cy=""6.5"" fill=""currentColor"" r="".5""></circle></svg","Friday, 30th September 2022",House,"['1.4 km away', '2.3 km away']"
38 Annandale Crescent Glen Waverley VIC 3150,$600.00,"[-37.8755911, 145.1839189]","['5 Beds', '2 Baths', '2 Parking']"," class=""css-dxogle"">* Unverified feature<svg aria-hidden=""true"" class=""domain-icon css-kry84i"" viewbox=""0 0 18 18""><circle cx=""9.5"" cy=""9.5"" fill=""none"" r=""6.5"" stroke=""currentColor"" stroke-width=""2""></circle><path d=""M9.5 11.5v-3"" fill=""none"" stroke=""currentColor""></path><circle cx=""9.5"" cy=""6.5"" fill=""currentColor"" r="".5""></circle></svg","Friday, 7th October 2022",House,"['1 km away', '1.2 km away', '2.7 km away']"
15 Pythagoras Street Mernda VIC 3754,$620 per week,"[-37.5967364, 145.0763687]","['5 Beds', '3 Baths', '2 Parking', '499.68m² ']"," class=""css-dxogle"">* Unverified feature<svg aria-hidden=""true"" class=""domain-icon css-kry84i"" viewbox=""0 0 18 18""><circle cx=""9.5"" cy=""9.5"" fill=""none"" r=""6.5"" stroke=""currentColor"" stroke-width=""2""></circle><path d=""M9.5 11.5v-3"" fill=""none"" stroke=""currentColor""></path><circle cx=""9.5"" cy=""6.5"" fill=""currentColor"" r="".5""></circle></svg",Available Now,House,"['1.3 km away', '9.5 km away']"
190 McKillop Street Geelong VIC 3220,$595,"[-38.1571207, 144.3697555]","['5 Beds', '1 Bath', '2 Parking']"," class=""css-dxogle"">* Unverified feature<svg aria-hidden=""true"" class=""domain-icon css-kry84i"" viewbox=""0 0 18 18""><circle cx=""9.5"" cy=""9.5"" fill=""none"" r=""6.5"" stroke=""currentColor"" stroke-width=""2""></circle><path d=""M9.5 11.5v-3"" fill=""none"" stroke=""currentColor""></path><circle cx=""9.5"" cy=""6.5"" fill=""currentColor"" r="".5""></circle></svg","Friday, 14th October 2022",House,"['0.6 km away', '1 km away', '1.7 km away']"
4 Ipswich Street Strathtulloh VIC 3338,$460,"[-37.7408137, 144.5955239]","['5 Beds', '2 Baths', '2 Parking']"," class=""css-dxogle"">* Unverified feature<svg aria-hidden=""true"" class=""domain-icon css-kry84i"" viewbox=""0 0 18 18""><circle cx=""9.5"" cy=""9.5"" fill=""none"" r=""6.5"" stroke=""currentColor"" stroke-width=""2""></circle><path d=""M9.5 11.5v-3"" fill=""none"" stroke=""currentColor""></path><circle cx=""9.5"" cy=""6.5"" fill=""currentColor"" r="".5""></circle></svg",Available Now,House,['4.4 km away']
8 Entally Drive Wheelers Hill VIC 3150,$635 p.w.,"[-37.9021957, 145.1756375]","['5 Beds', '3 Baths', '2 Parking']","Perfect family home in quiet location with easy access schools (Primary/Secondary), public transport, sporting ovals, Brandon Park shopping center and The Glen Shopping Center only a short drive away and Caulfield Grammar not to far away.
Inside find space living for the whole family with light filled formal lounge, kitchen with dining area with access to undercover entertaining space. Three",Available Now,House,"['0.2 km away', '0.9 km away']"
83 Lennon Boulevard Point Cook VIC 3030,Under Application,"[-37.8937342, 144.7410748]","['5 Beds', '2 Baths', '2 Parking']"," class=""css-dxogle"">* Unverified feature<svg aria-hidden=""true"" class=""domain-icon css-kry84i"" viewbox=""0 0 18 18""><circle cx=""9.5"" cy=""9.5"" fill=""none"" r=""6.5"" stroke=""currentColor"" stroke-width=""2""></circle><path d=""M9.5 11.5v-3"" fill=""none"" stroke=""currentColor""></path><circle cx=""9.5"" cy=""6.5"" fill=""currentColor"" r="".5""></circle></svg",Available Now,House,"['0.4 km away', '1 km away', '1.1 km away']"
5 Bute Street Seddon VIC 3011,"$1,100 per week","[-37.8041246, 144.8952361]","['5 Beds', '3 Baths', '2 Parking']"," class=""css-dxogle"">* Unverified feature<svg aria-hidden=""true"" class=""domain-icon css-kry84i"" viewbox=""0 0 18 18""><circle cx=""9.5"" cy=""9.5"" fill=""none"" r=""6.5"" stroke=""currentColor"" stroke-width=""2""></circle><path d=""M9.5 11.5v-3"" fill=""none"" stroke=""currentColor""></path><circle cx=""9.5"" cy=""6.5"" fill=""currentColor"" r="".5""></circle></svg",Available Now,House,"['0.5 km away', '1.4 km away', '1.5 km away']"
8 Richard Road Melton South VIC 3338,$420,"[-37.6952079, 144.5746059]","['5 Beds', '2 Baths', '4 Parking']"," class=""css-dxogle"">* Unverified feature<svg aria-hidden=""true"" class=""domain-icon css-kry84i"" viewbox=""0 0 18 18""><circle cx=""9.5"" cy=""9.5"" fill=""none"" r=""6.5"" stroke=""currentColor"" stroke-width=""2""></circle><path d=""M9.5 11.5v-3"" fill=""none"" stroke=""currentColor""></path><circle cx=""9.5"" cy=""6.5"" fill=""currentColor"" r="".5""></circle></svg",Available Now,House,"['0.3 km away', '1.6 km away', '1.7 km away']"
81 Terrene Terrace Point Cook VIC 3030,$530 weekly,"[-37.9056956, 144.7350465]","['5 Beds', '3 Baths', '2 Parking']",**ARRANGE AN INSPECTION TIME ONLINE - DETAILS BELOW**,"Friday, 7th October 2022",House,"['0.6 km away', '3.1 km away']"
2 Billabong Circuit Epping VIC 3076,$725 per week,"[-37.6294236, 145.0344809]","['5 Beds', '3 Baths', '6 Parking']"," class=""css-dxogle"">* Unverified feature<svg aria-hidden=""true"" class=""domain-icon css-kry84i"" viewbox=""0 0 18 18""><circle cx=""9.5"" cy=""9.5"" fill=""none"" r=""6.5"" stroke=""currentColor"" stroke-width=""2""></circle><path d=""M9.5 11.5v-3"" fill=""none"" stroke=""currentColor""></path><circle cx=""9.5"" cy=""6.5"" fill=""currentColor"" r="".5""></circle></svg",Available Now,House,"['0.9 km away', '1.7 km away', '4.5 km away']"
27 Hawthorn Road Caulfield North VIC 3161,"$1,200 pw","[-37.8685099, 145.025714]","['5 Beds', '2 Baths', '2 Parking']"," class=""css-dxogle"">* Unverified feature<svg aria-hidden=""true"" class=""domain-icon css-kry84i"" viewbox=""0 0 18 18""><circle cx=""9.5"" cy=""9.5"" fill=""none"" r=""6.5"" stroke=""currentColor"" stroke-width=""2""></circle><path d=""M9.5 11.5v-3"" fill=""none"" stroke=""currentColor""></path><circle cx=""9.5"" cy=""6.5"" fill=""currentColor"" r="".5""></circle></svg","Saturday, 8th October 2022",House,"['0.5 km away', '2.2 km away', '7.2 km away']"
1/12 Sinnott Street Burwood VIC 3125,From $185 p.w.,"[-37.8532123, 145.1105762]","['5 Beds', '2 Baths', '− Parking']"," class=""css-dxogle"">* Unverified feature<svg aria-hidden=""true"" class=""domain-icon css-kry84i"" viewbox=""0 0 18 18""><circle cx=""9.5"" cy=""9.5"" fill=""none"" r=""6.5"" stroke=""currentColor"" stroke-width=""2""></circle><path d=""M9.5 11.5v-3"" fill=""none"" stroke=""currentColor""></path><circle cx=""9.5"" cy=""6.5"" fill=""currentColor"" r="".5""></circle></svg",Available Now,House,"['0.8 km away', '1.1 km away', '1.4 km away']"
17 Australia Drive Taylors Lakes VIC 3038,UNDER APPLICATION,"[-37.7037388, 144.7827061]","['5 Beds', '2 Baths', '2 Parking']"," class=""css-dxogle"">* Unverified feature<svg aria-hidden=""true"" class=""domain-icon css-kry84i"" viewbox=""0 0 18 18""><circle cx=""9.5"" cy=""9.5"" fill=""none"" r=""6.5"" stroke=""currentColor"" stroke-width=""2""></circle><path d=""M9.5 11.5v-3"" fill=""none"" stroke=""currentColor""></path><circle cx=""9.5"" cy=""6.5"" fill=""currentColor"" r="".5""></circle></svg",Available Now,House,"['1 km away', '1.2 km away', '6.4 km away']"
61 Jackson Green Blvd Clayton South VIC 3169,$680/w,"[-37.9304132, 145.1250605]","['5 Beds', '2 Baths', '1 Parking']","A luxurious low-maintenance lifestyle, with its open plan living and sensational setting in the exclusive Jackson Green Estate.","Friday, 30th September 2022",Townhouse,"['1.4 km away', '1.5 km away', '5.6 km away']"
9 Barrier Reef Circuit Endeavour Hills VIC 3802,$580 per week,"[-37.9900734, 145.2574733]","['5 Beds', '3 Baths', '2 Parking']"," class=""css-dxogle"">* Unverified feature<svg aria-hidden=""true"" class=""domain-icon css-kry84i"" viewbox=""0 0 18 18""><circle cx=""9.5"" cy=""9.5"" fill=""none"" r=""6.5"" stroke=""currentColor"" stroke-width=""2""></circle><path d=""M9.5 11.5v-3"" fill=""none"" stroke=""currentColor""></path><circle cx=""9.5"" cy=""6.5"" fill=""currentColor"" r="".5""></circle></svg","Thursday, 22nd September 2022",House,"['0.7 km away', '1.2 km away', '2.4 km away']"
99 Grange Road Toorak VIC 3142,$2200.00 Per Week,"[-37.8330181, 145.0118565]","['5 Beds', '3 Baths', '2 Parking']",Taylah Cagalj,Available Now,House,"['1.1 km away', '1.2 km away', '1.9 km away']"
107 Pound Road Hampton Park VIC 3976,$445,"[-38.0276378, 145.2657411]","['5 Beds', '1 Bath', '2 Parking']"," class=""css-dxogle"">* Unverified feature<svg aria-hidden=""true"" class=""domain-icon css-kry84i"" viewbox=""0 0 18 18""><circle cx=""9.5"" cy=""9.5"" fill=""none"" r=""6.5"" stroke=""currentColor"" stroke-width=""2""></circle><path d=""M9.5 11.5v-3"" fill=""none"" stroke=""currentColor""></path><circle cx=""9.5"" cy=""6.5"" fill=""currentColor"" r="".5""></circle></svg","Friday, 7th October 2022",House,"['0.9 km away', '1 km away', '14.9 km away']"
21 Bond Street Mount Waverley VIC 3149,$750 p.w.,"[-37.880893, 145.137605]","['5 Beds', '3 Baths', '2 Parking']","Centrally located, this classic five bedroom property is all that you and your family could possibly need from your home. With spacious interiors, this four bedroom, three bathroom home with one study/extra bedroom offers, this home is perfect for your family of entertainers. Featuring two living spaces, gas ducted heating, a dishwasher and a large rear garden, there isn't much more that you could",Available Now,House,"['0.5 km away', '1.4 km away', '12.4 km away']"
8 Grey Street Coburg VIC 3058,$630.00,"[-37.8598686, 144.9778251]","['5 Beds', '2 Baths', '− Parking']",Alicia Cannizzaro,"Wednesday, 5th October 2022",House,"['0.2 km away', '2.5 km away', '4.1 km away']"
5 Fashoda Drive Mernda VIC 3754,$460 per week,"[-37.5991302, 145.0699473]","['5 Beds', '3 Baths', '1 Parking']"," class=""css-dxogle"">* Unverified feature<svg aria-hidden=""true"" class=""domain-icon css-kry84i"" viewbox=""0 0 18 18""><circle cx=""9.5"" cy=""9.5"" fill=""none"" r=""6.5"" stroke=""currentColor"" stroke-width=""2""></circle><path d=""M9.5 11.5v-3"" fill=""none"" stroke=""currentColor""></path><circle cx=""9.5"" cy=""6.5"" fill=""currentColor"" r="".5""></circle></svg",Available Now,House,"['1.7 km away', '9 km away']"
32 Saxonwood Drive Sunbury VIC 3429,$580,"[-37.5566536, 144.7065626]","['5 Beds', '3 Baths', '2 Parking']"," class=""css-dxogle"">* Unverified feature<svg aria-hidden=""true"" class=""domain-icon css-kry84i"" viewbox=""0 0 18 18""><circle cx=""9.5"" cy=""9.5"" fill=""none"" r=""6.5"" stroke=""currentColor"" stroke-width=""2""></circle><path d=""M9.5 11.5v-3"" fill=""none"" stroke=""currentColor""></path><circle cx=""9.5"" cy=""6.5"" fill=""currentColor"" r="".5""></circle></svg",Available Now,House,"['0.8 km away', '2.8 km away']"
48 Halstead Street Caulfield North VIC 3161,$680 Per Week,"[-37.8752659, 145.0285177]","['5 Beds', '3 Baths', '2 Parking']","This comfortable 5 bedroom house is located less than 1km from Caulfield Train Stations as well as Monash Uni, 2.0 km from busy Balaclava shopping precinct and St Kilda with trams and buses at your doorstep. 
This house provides, large backyard with low maintenance garden, 3 bathrooms.
Shared accommodation Co-renting.
Off the large entrance hall is a separate lounge room, dining room and kitchen",Available Now,House,"['0.7 km away', '1.4 km away', '6.4 km away']"
35 Wareham Street Springvale VIC 3171,650 Per Week,"[-37.9388409, 145.1584949]","['5 Beds', '3 Baths', '4 Parking', '718m² ']",Dominic Nguyen,Available Now,House,"['0.1 km away', '1.1 km away', '8.6 km away']"
2 Petros Street Fraser Rise VIC 3336,$460,"[-37.7097302, 144.7268092]","['5 Beds', '2 Baths', '2 Parking']","*DID YOU KNOW YOU CAN BOOK AN INSPECTION ONLINE NOW?*
Simply click EMAIL AGENT' and we'll respond instantly with available appointment times
You must register to confirm your chosen inspection time, and so that we can advise you of any changes. Don't miss out on calling this property home, book your inspection now!!!",Available Now,House,"['0.6 km away', '4.2 km away', '9.3 km away']"
41 Chadstone Road Malvern East VIC 3145,"$950pw/$4,128pcm","[-37.8835895, 145.07852]","['5 Beds', '2 Baths', '3 Parking']",Jason Lee,Available Now,House,"['0.4 km away', '3.1 km away', '5 km away']"
19 Moule Avenue Brighton VIC 3186,"$1,695.00","[-37.9052991, 144.9865485]","['5 Beds', '2 Baths', '2 Parking']","Privately set with the foreshore in site, this 1920s inspired family home delivers flexible living options set over two generous levels. ",Available Now,House,"['1.6 km away', '2.6 km away', '7.1 km away']"
68 Dover Street Caulfield South VIC 3162,"$1,400 per week","[-37.8960062, 145.0269675]","['5 Beds', '3 Baths', '3 Parking']",Rachel Thompson,Available Now,House,"['0.3 km away', '1.5 km away', '4.6 km away']"
201 Cardigan Carlton VIC 3053,$1450 per week,"[-37.8020773, 144.964928]","['5 Beds', '3 Baths', '− Parking']","Right in the heart of lies a beautiful terrace, bestowed with heritage significance and a character filled interior. The white and maroon façade reflects its eclectic, inner city backdrop whilst the 5 bedrooms, 3 bathroom plus study floor plan is rare and surprisingly generous for the area. Immaculately presented and bathed in an abundance of natural light, this fully renovated &amp; versatile",Available Now,House,"['0.4 km away', '1 km away']"
6 Struga Road Sunshine West VIC 3020,$580,"[-37.79327170000001, 144.7942334]","['5 Beds', '2 Baths', '2 Parking']","This well-appointed double-storey home incorporates the ultimate lifestyle. Comprising of exceptional natural light-filled open plan kitchen, dining, and living area, which opens out to a fabulous decked alfresco with a spacious low maintenance yard. The kitchen features stainless steel appliances, ample cupboard storage space, a dishwasher, and WIP. 5 large bedrooms with BIR, an additional home",Available Now,House,"['0.5 km away', '3 km away', '4.5 km away']"
52/29 Browns Road Clayton VIC 3168,$850 pw,"[-37.9243853, 145.1270354]","['5 Beds', '3 Baths', '2 Parking']","This 5-bedroom home is ideally located in the heart of Clayton. 
Just minutes from the Monash University precinct, public and private
transport links, and a wealth of shopping, restaurant, and cafe
options. The cutting-edge modern design places a premium on
sustainability and subtle, organic style. Neutral colours, simple forms,
and the living textures of warm wood and vibrant foliage create a",Available Now,Townhouse,"['1.1 km away', '1.4 km away', '1.9 km away']"
3 Power Avenue Toorak VIC 3142,"$1,300.00","[-37.8426765, 145.0288837]","['5 Beds', '2 Baths', '2 Parking']"," class=""css-dxogle"">* Unverified feature<svg aria-hidden=""true"" class=""domain-icon css-kry84i"" viewbox=""0 0 18 18""><circle cx=""9.5"" cy=""9.5"" fill=""none"" r=""6.5"" stroke=""currentColor"" stroke-width=""2""></circle><path d=""M9.5 11.5v-3"" fill=""none"" stroke=""currentColor""></path><circle cx=""9.5"" cy=""6.5"" fill=""currentColor"" r="".5""></circle></svg",Available Now,House,"['1.4 km away', '1.5 km away', '7.7 km away']"
19 Monash St Ascot Vale VIC 3032,$880.00,"[-37.7808854, 144.9082194]","['5 Beds', '1 Bath', '7 Parking']"," class=""css-dxogle"">* Unverified feature<svg aria-hidden=""true"" class=""domain-icon css-kry84i"" viewbox=""0 0 18 18""><circle cx=""9.5"" cy=""9.5"" fill=""none"" r=""6.5"" stroke=""currentColor"" stroke-width=""2""></circle><path d=""M9.5 11.5v-3"" fill=""none"" stroke=""currentColor""></path><circle cx=""9.5"" cy=""6.5"" fill=""currentColor"" r="".5""></circle></svg",Available Now,House,"['0.3 km away', '1.7 km away', '1.7 km away']"
31 Arthur Street Coburg North VIC 3058,$650.00,"[-37.7237161, 144.9812779]","['5 Beds', '2 Baths', '2 Parking']"," class=""css-dxogle"">* Unverified feature<svg aria-hidden=""true"" class=""domain-icon css-kry84i"" viewbox=""0 0 18 18""><circle cx=""9.5"" cy=""9.5"" fill=""none"" r=""6.5"" stroke=""currentColor"" stroke-width=""2""></circle><path d=""M9.5 11.5v-3"" fill=""none"" stroke=""currentColor""></path><circle cx=""9.5"" cy=""6.5"" fill=""currentColor"" r="".5""></circle></svg",Available Now,House,"['0.8 km away', '2 km away', '4.5 km away']"
28 Willum Way Dandenong VIC 3175,$550 per week/$2390 pcm,"[-37.9979877, 145.1982839]","['5 Beds', '2 Baths', '2 Parking']"," class=""css-dxogle"">* Unverified feature<svg aria-hidden=""true"" class=""domain-icon css-kry84i"" viewbox=""0 0 18 18""><circle cx=""9.5"" cy=""9.5"" fill=""none"" r=""6.5"" stroke=""currentColor"" stroke-width=""2""></circle><path d=""M9.5 11.5v-3"" fill=""none"" stroke=""currentColor""></path><circle cx=""9.5"" cy=""6.5"" fill=""currentColor"" r="".5""></circle></svg",Available Now,House,"['1.2 km away', '2 km away', '4.9 km away']"
1 Marine Avenue St Kilda VIC 3182,"$1,495 per week","[-37.873865, 144.977457]","['5 Beds', '3 Baths', '2 Parking', '250m² ']"," class=""css-dxogle"">* Unverified feature<svg aria-hidden=""true"" class=""domain-icon css-kry84i"" viewbox=""0 0 18 18""><circle cx=""9.5"" cy=""9.5"" fill=""none"" r=""6.5"" stroke=""currentColor"" stroke-width=""2""></circle><path d=""M9.5 11.5v-3"" fill=""none"" stroke=""currentColor""></path><circle cx=""9.5"" cy=""6.5"" fill=""currentColor"" r="".5""></circle></svg",Available Now,House,"['1.1 km away', '1.1 km away', '5.2 km away']"
25 Amelia Ave Essendon VIC 3040,"$1,200.00","[-37.7449371, 144.9244083]","['5 Beds', '3 Baths', '2 Parking']"," class=""css-dxogle"">* Unverified feature<svg aria-hidden=""true"" class=""domain-icon css-kry84i"" viewbox=""0 0 18 18""><circle cx=""9.5"" cy=""9.5"" fill=""none"" r=""6.5"" stroke=""currentColor"" stroke-width=""2""></circle><path d=""M9.5 11.5v-3"" fill=""none"" stroke=""currentColor""></path><circle cx=""9.5"" cy=""6.5"" fill=""currentColor"" r="".5""></circle></svg",Available Now,House,"['0.9 km away', '1 km away', '8.8 km away']"
4 Charlton Court Endeavour Hills VIC 3802,$650 Per Week,"[-37.9882439, 145.2689577]","['5 Beds', '3 Baths', '4 Parking']"," class=""css-dxogle"">* Unverified feature<svg aria-hidden=""true"" class=""domain-icon css-kry84i"" viewbox=""0 0 18 18""><circle cx=""9.5"" cy=""9.5"" fill=""none"" r=""6.5"" stroke=""currentColor"" stroke-width=""2""></circle><path d=""M9.5 11.5v-3"" fill=""none"" stroke=""currentColor""></path><circle cx=""9.5"" cy=""6.5"" fill=""currentColor"" r="".5""></circle></svg","Friday, 7th October 2022",House,"['0.4 km away', '1.5 km away', '1.7 km away']"
30 Gough Street Elsternwick VIC 3185,"$1,400 per week","[-37.8935491, 145.0074658]","['5 Beds', '3 Baths', '4 Parking']","**ARRANGE AN INSPECTION TIME ONLINE - DETAILS BELOW**
**Property is unfurnished**",Available Now,House,"['0.9 km away', '2.4 km away', '6.1 km away']"
2031 Dandenong Road Clayton VIC 3168,Leased,"[-37.9180459, 145.1338113]","['5 Beds', '5 Baths', '2 Parking']"," class=""css-dxogle"">* Unverified feature<svg aria-hidden=""true"" class=""domain-icon css-kry84i"" viewbox=""0 0 18 18""><circle cx=""9.5"" cy=""9.5"" fill=""none"" r=""6.5"" stroke=""currentColor"" stroke-width=""2""></circle><path d=""M9.5 11.5v-3"" fill=""none"" stroke=""currentColor""></path><circle cx=""9.5"" cy=""6.5"" fill=""currentColor"" r="".5""></circle></svg",Available Now,House,"['0.6 km away', '1.2 km away', '2.5 km away']"
10 Margarita St Hampton VIC 3188,Under Application,"[-37.9302634, 145.0000624]","['5 Beds', '4 Baths', '2 Parking']"," class=""css-dxogle"">* Unverified feature<svg aria-hidden=""true"" class=""domain-icon css-kry84i"" viewbox=""0 0 18 18""><circle cx=""9.5"" cy=""9.5"" fill=""none"" r=""6.5"" stroke=""currentColor"" stroke-width=""2""></circle><path d=""M9.5 11.5v-3"" fill=""none"" stroke=""currentColor""></path><circle cx=""9.5"" cy=""6.5"" fill=""currentColor"" r="".5""></circle></svg","Tuesday, 4th October 2022",House,"['0.5 km away', '2 km away', '5.5 km away']"
235 Elgin Street Carlton VIC 3053,"$1,200","[-37.797261, 144.966529]","['5 Beds', '3 Baths', '1 Parking']"," class=""css-dxogle"">* Unverified feature<svg aria-hidden=""true"" class=""domain-icon css-kry84i"" viewbox=""0 0 18 18""><circle cx=""9.5"" cy=""9.5"" fill=""none"" r=""6.5"" stroke=""currentColor"" stroke-width=""2""></circle><path d=""M9.5 11.5v-3"" fill=""none"" stroke=""currentColor""></path><circle cx=""9.5"" cy=""6.5"" fill=""currentColor"" r="".5""></circle></svg",Available Now,House,"['0.3 km away', '1 km away']"
10 Darling Road Malvern East VIC 3145,$899 weekly,"[-37.8826854, 145.0586761]","['5 Beds', '2 Baths', '2 Parking']","*** YOU MUST PRE-REGISTER TO ATTEND THE SCHEDULED INSPECTION ***
This expansive 5 bedroom family home offers everything you need at a price you want! Comprising cathedral ceilings and polished floorboards throughout, offering entrance hall, front formal lounge with bay window and adjoining to a classic dining room with ornate feature fire place. Main bedroom with bay window, ornate fire place",Available Now,House,"['1 km away', '1.8 km away', '4.9 km away']"
94 Langdon Drive Mernda VIC 3754,$480 Per Week,"[-37.5961079, 145.0787823]","['5 Beds', '2 Baths', '2 Parking']"," class=""css-dxogle"">* Unverified feature<svg aria-hidden=""true"" class=""domain-icon css-kry84i"" viewbox=""0 0 18 18""><circle cx=""9.5"" cy=""9.5"" fill=""none"" r=""6.5"" stroke=""currentColor"" stroke-width=""2""></circle><path d=""M9.5 11.5v-3"" fill=""none"" stroke=""currentColor""></path><circle cx=""9.5"" cy=""6.5"" fill=""currentColor"" r="".5""></circle></svg","Monday, 26th September 2022",House,"['1.2 km away', '9.7 km away']"
3 Fawkner Place Caroline Springs VIC 3023,$500 per week,"[-37.725495, 144.739616]","['5 Beds', '2 Baths', '2 Parking']","Perfectly located within proximity to a number of local schools, Caroline Springs Square, parks and all other amenities, this great family home offers space for growing families.","Friday, 30th September 2022",House,"['0.6 km away', '1 km away', '7.4 km away']"
7 Florence Avenue Clayton VIC 3168,$620 pw,"[-37.9062427, 145.1269572]","['5 Beds', '2 Baths', '2 Parking']"," class=""css-dxogle"">* Unverified feature<svg aria-hidden=""true"" class=""domain-icon css-kry84i"" viewbox=""0 0 18 18""><circle cx=""9.5"" cy=""9.5"" fill=""none"" r=""6.5"" stroke=""currentColor"" stroke-width=""2""></circle><path d=""M9.5 11.5v-3"" fill=""none"" stroke=""currentColor""></path><circle cx=""9.5"" cy=""6.5"" fill=""currentColor"" r="".5""></circle></svg",Available Now,House,"['0.7 km away', '0.9 km away', '3.5 km away']"
6 Feijoa Court Werribee VIC 3030,$495.00 per week,"[-37.89358860000001, 144.6677562]","['5 Beds', '3 Baths', '2 Parking']"," class=""css-dxogle"">* Unverified feature<svg aria-hidden=""true"" class=""domain-icon css-kry84i"" viewbox=""0 0 18 18""><circle cx=""9.5"" cy=""9.5"" fill=""none"" r=""6.5"" stroke=""currentColor"" stroke-width=""2""></circle><path d=""M9.5 11.5v-3"" fill=""none"" stroke=""currentColor""></path><circle cx=""9.5"" cy=""6.5"" fill=""currentColor"" r="".5""></circle></svg",Available Now,House,"['1.3 km away', '1.4 km away']"
122 Heather Grove Clyde North VIC 3978,$600 per week,"[-38.1108293, 145.3268348]","['5 Beds', '3 Baths', '2 Parking', '494m² ']","Situated in the ideal Selandra Rise Estate, close to schools, Clyde North shopping centre and public transport, this near new home is sure to be perfect for your family. 
This beautiful home boats 4 bedrooms plus a study or fifth bedroom and features 2 Master Bedrooms with ensuites &amp; walk in robes.
Formal lounge room, open plan kitchen, dining &amp; family room - second Kitchen with dishwasher and","Friday, 23rd September 2022",House,"['0.7 km away', '1.9 km away', '16.2 km away']"
169 Highbury Road Burwood VIC 3125,$500 Per Week,"[-37.85515669999999, 145.1128627]","['5 Beds', '2 Baths', '1 Parking']","Situated in a great location, close proximity to amenities, public transport and schools. This property comes with a separate entrance hall. Carpets are fitted to all bedrooms. One of the bedrooms could be converted into a living/entertainment space. The kitchen is fitted with built-in cabinets and appliances such as a gas cooktop/oven combo. Two bathrooms are also available on the property where",Available Now,House,"['0.7 km away', '0.9 km away', '1.3 km away']"
16 Sienna Place Point Cook VIC 3030,$520 per week,"[-37.8962228, 144.7506224]","['5 Beds', '2 Baths', '2 Parking']"," class=""css-dxogle"">* Unverified feature<svg aria-hidden=""true"" class=""domain-icon css-kry84i"" viewbox=""0 0 18 18""><circle cx=""9.5"" cy=""9.5"" fill=""none"" r=""6.5"" stroke=""currentColor"" stroke-width=""2""></circle><path d=""M9.5 11.5v-3"" fill=""none"" stroke=""currentColor""></path><circle cx=""9.5"" cy=""6.5"" fill=""currentColor"" r="".5""></circle></svg",Available Now,House,"['0.5 km away', '1.4 km away', '1.9 km away']"
15 Medley Walk Ascot Vale VIC 3032,$850 **UNIQUE PARK FACING 3-STOREY HOME**,"[-37.7754188, 144.9069342]","['5 Beds', '3 Baths', '2 Parking']"," class=""css-dxogle"">* Unverified feature<svg aria-hidden=""true"" class=""domain-icon css-kry84i"" viewbox=""0 0 18 18""><circle cx=""9.5"" cy=""9.5"" fill=""none"" r=""6.5"" stroke=""currentColor"" stroke-width=""2""></circle><path d=""M9.5 11.5v-3"" fill=""none"" stroke=""currentColor""></path><circle cx=""9.5"" cy=""6.5"" fill=""currentColor"" r="".5""></circle></svg",Available Now,Townhouse,"['0.7 km away', '1.7 km away', '7.2 km away']"
2/17 Sarton Road Clayton VIC 3168,$595,"[-37.9186972, 145.1438749]","['5 Beds', '3 Baths', '2 Parking']",David Hua,Available Now,Apartment / Unit / Flat,"['1.4 km away', '2 km away', '2.5 km away']"
6 Pascal Crescent Kalkallo VIC 3064,$450,"[-37.5290186, 144.9597242]","['5 Beds', '2 Baths', '2 Parking']"," class=""css-dxogle"">* Unverified feature<svg aria-hidden=""true"" class=""domain-icon css-kry84i"" viewbox=""0 0 18 18""><circle cx=""9.5"" cy=""9.5"" fill=""none"" r=""6.5"" stroke=""currentColor"" stroke-width=""2""></circle><path d=""M9.5 11.5v-3"" fill=""none"" stroke=""currentColor""></path><circle cx=""9.5"" cy=""6.5"" fill=""currentColor"" r="".5""></circle></svg","Tuesday, 20th September 2022",House,"['6.5 km away', '16.1 km away']"
3 Raymond Grv Caulfield South VIC 3162,"$1,250 per week","[-37.9004638, 145.0185507]","['5 Beds', '2 Baths', '5 Parking']"," class=""css-dxogle"">* Unverified feature<svg aria-hidden=""true"" class=""domain-icon css-kry84i"" viewbox=""0 0 18 18""><circle cx=""9.5"" cy=""9.5"" fill=""none"" r=""6.5"" stroke=""currentColor"" stroke-width=""2""></circle><path d=""M9.5 11.5v-3"" fill=""none"" stroke=""currentColor""></path><circle cx=""9.5"" cy=""6.5"" fill=""currentColor"" r="".5""></circle></svg",Available Now,House,"['0.6 km away', '2.2 km away', '4.8 km away']"
63 Australis Drive Williams Landing VIC 3027,$490 per week,"[-37.8623796, 144.7444861]","['5 Beds', '2 Baths', '2 Parking']"," class=""css-dxogle"">* Unverified feature<svg aria-hidden=""true"" class=""domain-icon css-kry84i"" viewbox=""0 0 18 18""><circle cx=""9.5"" cy=""9.5"" fill=""none"" r=""6.5"" stroke=""currentColor"" stroke-width=""2""></circle><path d=""M9.5 11.5v-3"" fill=""none"" stroke=""currentColor""></path><circle cx=""9.5"" cy=""6.5"" fill=""currentColor"" r="".5""></circle></svg","Monday, 26th September 2022",House,"['1.7 km away', '2.3 km away', '2.5 km away']"
23 Brighton Street Flemington VIC 3031,$820pw/ $3563pcm,"[-37.7844232, 144.9298913]","['5 Beds', '2 Baths', '− Parking']"," class=""css-dxogle"">* Unverified feature<svg aria-hidden=""true"" class=""domain-icon css-kry84i"" viewbox=""0 0 18 18""><circle cx=""9.5"" cy=""9.5"" fill=""none"" r=""6.5"" stroke=""currentColor"" stroke-width=""2""></circle><path d=""M9.5 11.5v-3"" fill=""none"" stroke=""currentColor""></path><circle cx=""9.5"" cy=""6.5"" fill=""currentColor"" r="".5""></circle></svg",Available Now,House,"['0.4 km away', '0.5 km away', '9.4 km away']"
4 Nareeb Court Toorak VIC 3142,"$1,200.00 Per Week","[-37.8486956, 145.0225762]","['5 Beds', '3 Baths', '3 Parking']","This large classic home still has its original features and charm and provides a convenient lifestyle surrounded by shops, schools and transport options.",Available Now,House,"['0.6 km away', '2.2 km away', '7.2 km away']"
21 Greenwood Drive Bundoora VIC 3083,$580,"[-37.7079296, 145.0541826]","['5 Beds', '2 Baths', '− Parking']"," class=""css-dxogle"">* Unverified feature<svg aria-hidden=""true"" class=""domain-icon css-kry84i"" viewbox=""0 0 18 18""><circle cx=""9.5"" cy=""9.5"" fill=""none"" r=""6.5"" stroke=""currentColor"" stroke-width=""2""></circle><path d=""M9.5 11.5v-3"" fill=""none"" stroke=""currentColor""></path><circle cx=""9.5"" cy=""6.5"" fill=""currentColor"" r="".5""></circle></svg",Available Now,House,"['0.7 km away', '0.8 km away']"
483 Brunswick Road Brunswick West VIC 3055,$1250 pw / $5431 pcm,"[-37.774681, 144.9425789]","['5 Beds', '3 Baths', '2 Parking']","To book an inspection for this property, please 'email agent' and we will respond instantly with available inspection times. Please note you must register to attend an inspection. ",Available Now,House,"['0.5 km away', '1.2 km away']"
28b Hornby Street Beaumaris VIC 3193,"$1,100.00","[-37.9802926, 145.0276564]","['5 Beds', '2 Baths', '4 Parking']","Recently renovated, an ultra-private location, this beachside home with separate guest accommodation is bound to please. ",Available Now,House,"['0.6 km away', '1.1 km away', '2.3 km away']"
25 Holroyd Avenue St Kilda East VIC 3183,"$1,650.00","[-37.8644429, 145.0070354]","['5 Beds', '2 Baths', '4 Parking']",Kate Humphreys,Available Now,House,"['1.2 km away', '2.8 km away', '6.5 km away']"
29 Canberra Grove Brighton East VIC 3187,"$1,390.00","[-37.926174, 145.0103499]","['5 Beds', '3 Baths', '4 Parking']",You MUST register for an inspection and we ask that you also confirm your attendance. AN AGENT WILL NOT BE PRESENT IF YOU DO NOT REGISTER and CONFIRM. Your consideration and co-operation is appreciated.,Available Now,House,"['1 km away', '1 km away', '4.5 km away']"
4 Newbay Crescent Brighton VIC 3186,"$1,690.00","[-37.9048689, 144.991408]","['5 Beds', '2 Baths', '2 Parking', '711m² ']",You MUST register for an inspection and we ask that you also confirm your attendance. AN AGENT WILL NOT BE PRESENT IF YOU DO NOT REGISTER and CONFIRM. Your consideration and co-operation is appreciated.,Available Now,House,"['1.2 km away', '2.6 km away', '6.7 km away']"
10 Fairway Ave Hoppers Crossing VIC 3029,$435,"[-37.8831528, 144.6940396]","['5 Beds', '2 Baths', '2 Parking']"," class=""css-dxogle"">* Unverified feature<svg aria-hidden=""true"" class=""domain-icon css-kry84i"" viewbox=""0 0 18 18""><circle cx=""9.5"" cy=""9.5"" fill=""none"" r=""6.5"" stroke=""currentColor"" stroke-width=""2""></circle><path d=""M9.5 11.5v-3"" fill=""none"" stroke=""currentColor""></path><circle cx=""9.5"" cy=""6.5"" fill=""currentColor"" r="".5""></circle></svg",Available Now,House,"['0.2 km away', '1.3 km away']"
5 Wirth Street Mount Waverley VIC 3149,$550,"[-37.8724061, 145.126095]","['5 Beds', '2 Baths', '1 Parking']"," class=""css-dxogle"">* Unverified feature<svg aria-hidden=""true"" class=""domain-icon css-kry84i"" viewbox=""0 0 18 18""><circle cx=""9.5"" cy=""9.5"" fill=""none"" r=""6.5"" stroke=""currentColor"" stroke-width=""2""></circle><path d=""M9.5 11.5v-3"" fill=""none"" stroke=""currentColor""></path><circle cx=""9.5"" cy=""6.5"" fill=""currentColor"" r="".5""></circle></svg","Tuesday, 8th November 2022",House,"['0.6 km away', '1 km away', '11.3 km away']"
50 Mewat Circuit Thornhill Park VIC 3335,$395,"[-37.7460478, 144.6176783]","['5 Beds', '2 Baths', '2 Parking']"," class=""css-dxogle"">* Unverified feature<svg aria-hidden=""true"" class=""domain-icon css-kry84i"" viewbox=""0 0 18 18""><circle cx=""9.5"" cy=""9.5"" fill=""none"" r=""6.5"" stroke=""currentColor"" stroke-width=""2""></circle><path d=""M9.5 11.5v-3"" fill=""none"" stroke=""currentColor""></path><circle cx=""9.5"" cy=""6.5"" fill=""currentColor"" r="".5""></circle></svg",Available Now,House,"['6.1 km away', '8.5 km away']"
8 Sargood Street Coburg VIC 3058,$750.00,"[-37.7480049, 144.9644102]","['5 Beds', '1 Bath', '− Parking']",** BOOK INSPECTION ONLINE OR SAVE TIME VIEW OUR 3D TOUR &amp; APPLY **,Available Now,House,"['0.8 km away', '1.1 km away']"
28 Fold Circuit Bonnie Brook VIC 3335,LEASED AT $590 PER WEEK!,"[-37.69185909999999, 144.6597268]","['5 Beds', '3 Baths', '2 Parking']"," class=""css-dxogle"">* Unverified feature<svg aria-hidden=""true"" class=""domain-icon css-kry84i"" viewbox=""0 0 18 18""><circle cx=""9.5"" cy=""9.5"" fill=""none"" r=""6.5"" stroke=""currentColor"" stroke-width=""2""></circle><path d=""M9.5 11.5v-3"" fill=""none"" stroke=""currentColor""></path><circle cx=""9.5"" cy=""6.5"" fill=""currentColor"" r="".5""></circle></svg",Available Now,House,"['6.5 km away', '8.2 km away']"
143 Werribee Street N Werribee VIC 3030,LEASED!,"[-37.8984364, 144.6502243]","['5 Beds', '1 Bath', '4 Parking']"," class=""css-dxogle"">* Unverified feature<svg aria-hidden=""true"" class=""domain-icon css-kry84i"" viewbox=""0 0 18 18""><circle cx=""9.5"" cy=""9.5"" fill=""none"" r=""6.5"" stroke=""currentColor"" stroke-width=""2""></circle><path d=""M9.5 11.5v-3"" fill=""none"" stroke=""currentColor""></path><circle cx=""9.5"" cy=""6.5"" fill=""currentColor"" r="".5""></circle></svg",Available Now,House,"['0.7 km away', '1.1 km away']"
30 Ovens Street Yarraville VIC 3013,$730.00,"[-37.8181423, 144.8918402]","['5 Beds', '1 Bath', '3 Parking']"," class=""css-dxogle"">* Unverified feature<svg aria-hidden=""true"" class=""domain-icon css-kry84i"" viewbox=""0 0 18 18""><circle cx=""9.5"" cy=""9.5"" fill=""none"" r=""6.5"" stroke=""currentColor"" stroke-width=""2""></circle><path d=""M9.5 11.5v-3"" fill=""none"" stroke=""currentColor""></path><circle cx=""9.5"" cy=""6.5"" fill=""currentColor"" r="".5""></circle></svg",Available Now,House,"['0.7 km away', '0.7 km away', '3 km away']"
48 McCormicks Road Skye VIC 3977,$800 per week,"[-38.1127667, 145.1959112]","['5 Beds', '4 Baths', '6 Parking']"," class=""css-dxogle"">* Unverified feature<svg aria-hidden=""true"" class=""domain-icon css-kry84i"" viewbox=""0 0 18 18""><circle cx=""9.5"" cy=""9.5"" fill=""none"" r=""6.5"" stroke=""currentColor"" stroke-width=""2""></circle><path d=""M9.5 11.5v-3"" fill=""none"" stroke=""currentColor""></path><circle cx=""9.5"" cy=""6.5"" fill=""currentColor"" r="".5""></circle></svg",Available Now,House,"['0.7 km away', '2.1 km away', '4.1 km away']"
51 Jackson Green Boulevard Clayton South VIC 3169,$680/w,"[-37.9307982, 145.1249851]","['5 Beds', '2 Baths', '1 Parking']"," class=""css-dxogle"">* Unverified feature<svg aria-hidden=""true"" class=""domain-icon css-kry84i"" viewbox=""0 0 18 18""><circle cx=""9.5"" cy=""9.5"" fill=""none"" r=""6.5"" stroke=""currentColor"" stroke-width=""2""></circle><path d=""M9.5 11.5v-3"" fill=""none"" stroke=""currentColor""></path><circle cx=""9.5"" cy=""6.5"" fill=""currentColor"" r="".5""></circle></svg",Available Now,Townhouse,"['1.3 km away', '1.4 km away', '5.5 km away']"
6 Flinders Road St Leonards VIC 3223,$440 wk,"[-38.1749562, 144.7018877]","['5 Beds', '1 Bath', '2 Parking']","Set on a substantial 664m2 block in a quiet sector of 'old' St Leonards, this lovingly maintained family home is being offered For Lease - fully furnished.
A spacious open plan living area and lovely renovated kitchen form the heart of the home, highlighted by a solid fuel heater and stunning timber-look flooring, opening onto a delightful alfresco area with shade sail at the rear - The perfect",Available Now,House,"['1.2 km away', '12.8 km away']"
50 South Wharf Drive Docklands VIC 3008,$3750 per week,"[-37.8223967, 144.938237]","['5 Beds', '6 Baths', '3 Parking']","This spectacular five bedroom freehold waterfront residence can only be described as 'exceptional'. Designed over several levels to maximise the water views and its immediate wow factor, this impressive showpiece provides an imposing entry, a first class Miele kitchen with coffee machine, steamer oven, induction cooking, wine fridge &amp; integrated fridge/freezer with Italian Carrera marble benchtops",Available Now,Townhouse,"['1.5 km away', '1.6 km away', '2.6 km away']"
8 Champion Street Brighton VIC 3186,"$2,100.00","[-37.927999, 145.0033766]","['5 Beds', '3 Baths', '4 Parking']",Carolyn Stephens,"Monday, 26th September 2022",House,"['0.6 km away', '1.6 km away', '5.2 km away']"
47 Bell Street Coburg VIC 3058,$550 Per Week,"[-37.742329, 144.9736822]","['5 Beds', '1 Bath', '2 Parking']","Comprising of wide entrance hall, 5 spacious bedrooms, central bathroom, light filled living room with beautiful bay windows, kitchen with separate meals area and a massive low maintenance rear yard with ROW access. Located in close proximity to Coburg train station, multiple tram lines, park lands and all that the bustling Sydney Road has to offer. 
Be quick to inspect.",Available Now,House,"['0.2 km away', '0.5 km away', '2.7 km away']"
26 Truffle Circuit Manor Lakes VIC 3024,$500 per week,"[-37.8632065, 144.5840437]","['5 Beds', '2 Baths', '2 Parking']","This brand-new home simply cannot be missed. With a whole new estate being developed you are only minute's drive to Manor Lakes Central Shopping Centre, Wyndham Vale Train Station and soon to be brand new Primary School at the end of your street.",Available Now,House,['2 km away']
7 Eastwood Avenue Preston VIC 3072,$840 Per Week,"[-37.7379798, 144.9975445]","['5 Beds', '2 Baths', '2 Parking']"," class=""css-dxogle"">* Unverified feature<svg aria-hidden=""true"" class=""domain-icon css-kry84i"" viewbox=""0 0 18 18""><circle cx=""9.5"" cy=""9.5"" fill=""none"" r=""6.5"" stroke=""currentColor"" stroke-width=""2""></circle><path d=""M9.5 11.5v-3"" fill=""none"" stroke=""currentColor""></path><circle cx=""9.5"" cy=""6.5"" fill=""currentColor"" r="".5""></circle></svg",Available Now,House,"['0.2 km away', '0.8 km away', '2.2 km away']"
7 Haverbrack Avenue Malvern VIC 3144,$3500 Per Week,"[-37.8534875, 145.0311415]","['5 Beds', '4 Baths', '2 Parking']",Darren McMullin,Available Now,House,"['0.4 km away', '2 km away', '8.1 km away']"
112 Gillies Street Fairfield VIC 3078,$700,"[-37.7747841, 145.0173668]","['5 Beds', '2 Baths', '− Parking']","Conveniently located at a quiet court in the heart of Fairfield, walking distance to station street's vibrant array of shops, IGA supermarket, restaurants and cafes. Just around the corner from Fairfield station and primary school. Easy access to Heidelberg Rd and M3 Eastlink with 15 minutes' drive to the city",Available Now,House,"['0.4 km away', '2.1 km away', '2.9 km away']"
24 Gratwick Street Lalor VIC 3075,$500.00,"[-37.668591, 145.0191534]","['5 Beds', '2 Baths', '3 Parking']","Presenting this spacious, family home on a large block in the heart of Lalor. Ideally located, just a stone through from the transport access and shops of Station street. This oversized home features five bedrooms, which can operate as two separate dwellings under one roof.
The front home features 2 bedrooms along with bathroom and dedicated kitchen. This part can be locked off from the rest of",Available Now,House,"['0.4 km away', '0.6 km away', '1.1 km away']"
1A Yera Crescent Rye VIC 3941,$670,"[-38.3839692, 144.8065998]","['5 Beds', '2 Baths', '− Parking']"," class=""css-dxogle"">* Unverified feature<svg aria-hidden=""true"" class=""domain-icon css-kry84i"" viewbox=""0 0 18 18""><circle cx=""9.5"" cy=""9.5"" fill=""none"" r=""6.5"" stroke=""currentColor"" stroke-width=""2""></circle><path d=""M9.5 11.5v-3"" fill=""none"" stroke=""currentColor""></path><circle cx=""9.5"" cy=""6.5"" fill=""currentColor"" r="".5""></circle></svg","Friday, 23rd September 2022",House,"['1.9 km away', '7.3 km away']"
41 Nursery Avenue Frankston VIC 3199,$795 PER WEEK,"[-38.1492097, 145.1450204]","['5 Beds', '2 Baths', '4 Parking']"," class=""css-dxogle"">* Unverified feature<svg aria-hidden=""true"" class=""domain-icon css-kry84i"" viewbox=""0 0 18 18""><circle cx=""9.5"" cy=""9.5"" fill=""none"" r=""6.5"" stroke=""currentColor"" stroke-width=""2""></circle><path d=""M9.5 11.5v-3"" fill=""none"" stroke=""currentColor""></path><circle cx=""9.5"" cy=""6.5"" fill=""currentColor"" r="".5""></circle></svg",Available Now,House,"['0.3 km away', '1.2 km away', '1.6 km away']"
17 Katoomba Street Hampton East VIC 3188,"$1,100.00","[-37.9361604, 145.0346316]","['5 Beds', '3 Baths', '4 Parking']","This five-bedroom plus study, three-bathroom family home has a wealth of space and comfort. 
This light filled home enjoys a large lounge with Jetmaster open fireplace, a downstairs guest bedroom (built in robes), designer stone kitchen in the expansive open plan living and dining area, French doors and sliding doors to a paved alfresco area in the glorious garden.",Available Now,House,"['0.8 km away', '2.5 km away', '2.6 km away']"
8 Winona Rd Mount Eliza VIC 3930,"$1,200 weekly","[-38.2032107, 145.1062473]","['5 Beds', '3 Baths', '5 Parking']"," class=""css-dxogle"">* Unverified feature<svg aria-hidden=""true"" class=""domain-icon css-kry84i"" viewbox=""0 0 18 18""><circle cx=""9.5"" cy=""9.5"" fill=""none"" r=""6.5"" stroke=""currentColor"" stroke-width=""2""></circle><path d=""M9.5 11.5v-3"" fill=""none"" stroke=""currentColor""></path><circle cx=""9.5"" cy=""6.5"" fill=""currentColor"" r="".5""></circle></svg",Available Now,House,"['1.5 km away', '1.8 km away', '8 km away']"
168 Westcott Parade Rockbank VIC 3335,Contact Agent - Call us to book an inspection,"[-37.728685, 144.654902]","['5 Beds', '2 Baths', '4 Parking']","THE ELEET Caroline Springs proudly presents this lovely ranch lifestyle home that exceeds approximately 7.5 acres of land. Enjoy the possibilities this property has to offer with the expansive green space, create a hobby farm, or keep a range of animals in the fenced and sectioned paddock area. ",Available Now,Acreage / Semi-Rural,"['0.7 km away', '6.6 km away', '9.3 km away']"
14 Pentland Court Glen Waverley VIC 3150,$680/per week,"[-37.8858351, 145.182021]","['5 Beds', '2 Baths', '2 Parking']","Now open for new tenants, this particular home in Glen Waverley may surprise you with its additional features. Also displays a perfect home for those who are looking for a property that provides spacious living but has its own unique charm.",Available Now,House,"['0.5 km away', '2.1 km away', '3.9 km away']"
9 Farnborough Place Hoppers Crossing VIC 3029,$470 per week,"[-37.8667805, 144.6673918]","['5 Beds', '2 Baths', '2 Parking']"," class=""css-dxogle"">* Unverified feature<svg aria-hidden=""true"" class=""domain-icon css-kry84i"" viewbox=""0 0 18 18""><circle cx=""9.5"" cy=""9.5"" fill=""none"" r=""6.5"" stroke=""currentColor"" stroke-width=""2""></circle><path d=""M9.5 11.5v-3"" fill=""none"" stroke=""currentColor""></path><circle cx=""9.5"" cy=""6.5"" fill=""currentColor"" r="".5""></circle></svg",Available Now,House,"['0.7 km away', '1.2 km away']"
40 Dunedin Street Maidstone VIC 3012,$550.00,"[-37.7803581, 144.8664922]","['5 Beds', '3 Baths', '2 Parking']"," class=""css-dxogle"">* Unverified feature<svg aria-hidden=""true"" class=""domain-icon css-kry84i"" viewbox=""0 0 18 18""><circle cx=""9.5"" cy=""9.5"" fill=""none"" r=""6.5"" stroke=""currentColor"" stroke-width=""2""></circle><path d=""M9.5 11.5v-3"" fill=""none"" stroke=""currentColor""></path><circle cx=""9.5"" cy=""6.5"" fill=""currentColor"" r="".5""></circle></svg",Available Now,House,"['1 km away', '1.6 km away', '1.7 km away']"
16 Valdemar Court Brighton East VIC 3187,$950.00,"[-37.928349, 145.0278286]","['5 Beds', '3 Baths', '3 Parking']","This exceptionally spacious and comfortable, double story, home offers excellent executive family accommodation and is located within easy walking distance to Dendy Park and all the excellent private, public and catholic schools the area has to offer. 
* Entrance hall leading into spacious formal and informal living rooms
* Modern kitchen with excellent storage and the latest European appliances",Available Now,House,"['1.2 km away', '1.8 km away', '3 km away']"
19 Wedgebill Circuit Werribee VIC 3030,$420.00 per week,"[-37.9098411, 144.605211]","['5 Beds', '2 Baths', '2 Parking']","This immaculate four bedroom home is complete with everything you will need to move in and set up your family.
Located in the fast growing and ever popular Harpley Estate this property has easy access to Werribee town Centre, Wyndham Vale Shopping Centre and all the very best local schools.
A great floor plan separates the bedrooms and living rooms and offer a second living or fifth bedroom to",Available Now,House,['4 km away']
8 St Finbars Crescent Brighton East VIC 3187,"$1,995.00","[-37.9169, 145.0147997]","['5 Beds', '2 Baths', '2 Parking']","8 St Finbars Crescent, Brighton East",Available Now,House,"['0.5 km away', '1.2 km away', '4.3 km away']"
25 Osmond Crescent Wollert VIC 3750,$520,"[-37.6073125, 145.0045654]","['5 Beds', '3 Baths', '2 Parking']","This new double storey home designed for comfort and luxury offering the highest level of style and quality imaginable. 
The home shows off a spacious family/meals area, exquisite kitchen with stainless steel appliances, laundry , master bedroom with ensuite and robe downstairs.
 All other bedrooms are upstairs, master with WIR and full ensuite including double vanity , remaining bedrooms have",Available Now,House,"['1 km away', '6.7 km away']"
2070 Donnybrook Rd Yan Yean VIC 3755,$650 per week,"[-37.5580676, 145.1086823]","['5 Beds', '2 Baths', '5 Parking']","Property ID. 81489
Send an online enquiry then check your email for a link to apply.",Available Now,House,"['3.5 km away', '4.6 km away', '14.7 km away']"
20 Demmie Mews Lyndhurst VIC 3975,$510 per week | UNDER APPLICATION,"[-38.0599356, 145.2455049]","['5 Beds', '4 Baths', '2 Parking']"," class=""css-dxogle"">* Unverified feature<svg aria-hidden=""true"" class=""domain-icon css-kry84i"" viewbox=""0 0 18 18""><circle cx=""9.5"" cy=""9.5"" fill=""none"" r=""6.5"" stroke=""currentColor"" stroke-width=""2""></circle><path d=""M9.5 11.5v-3"" fill=""none"" stroke=""currentColor""></path><circle cx=""9.5"" cy=""6.5"" fill=""currentColor"" r="".5""></circle></svg",Available Now,House,"['0.9 km away', '2.8 km away', '11.2 km away']"
97 Oak Street Parkville VIC 3052,$950 per week,"[-37.781196, 144.9418287]","['5 Beds', '2 Baths', '2 Parking']"," class=""css-dxogle"">* Unverified feature<svg aria-hidden=""true"" class=""domain-icon css-kry84i"" viewbox=""0 0 18 18""><circle cx=""9.5"" cy=""9.5"" fill=""none"" r=""6.5"" stroke=""currentColor"" stroke-width=""2""></circle><path d=""M9.5 11.5v-3"" fill=""none"" stroke=""currentColor""></path><circle cx=""9.5"" cy=""6.5"" fill=""currentColor"" r="".5""></circle></svg",Available Now,House,"['0.7 km away', '0.8 km away']"
10-12 Binns Street Montmorency VIC 3094,$750pw,"[-37.71583, 145.121853]","['5 Beds', '2 Baths', '2 Parking']"," class=""css-dxogle"">* Unverified feature<svg aria-hidden=""true"" class=""domain-icon css-kry84i"" viewbox=""0 0 18 18""><circle cx=""9.5"" cy=""9.5"" fill=""none"" r=""6.5"" stroke=""currentColor"" stroke-width=""2""></circle><path d=""M9.5 11.5v-3"" fill=""none"" stroke=""currentColor""></path><circle cx=""9.5"" cy=""6.5"" fill=""currentColor"" r="".5""></circle></svg",Available Now,Apartment / Unit / Flat,"['0.2 km away', '0.8 km away']"
19 Reys Close Mordialloc VIC 3195,"$1,100 per week","[-38.0033438, 145.1032092]","['5 Beds', '3 Baths', '2 Parking']","The epitome of first-rate family living, this 5 bedroom home offers two exceptional levels of sun-filled accommodation along with beautiful child-friendly gardens. The real bonus however is its fabulous position within this peaceful cul-de-sac - neighbourhood parties, basketball, cricket and footy matches have never been so tempting! Features to this amazing home include -",Available Now,House,"['1.3 km away', '1.3 km away', '1.7 km away']"
8 Blau Street Bundoora VIC 3083,$580pw/$2520pcm,"[-37.6850414, 145.0525891]","['5 Beds', '3 Baths', '2 Parking']"," class=""css-dxogle"">* Unverified feature<svg aria-hidden=""true"" class=""domain-icon css-kry84i"" viewbox=""0 0 18 18""><circle cx=""9.5"" cy=""9.5"" fill=""none"" r=""6.5"" stroke=""currentColor"" stroke-width=""2""></circle><path d=""M9.5 11.5v-3"" fill=""none"" stroke=""currentColor""></path><circle cx=""9.5"" cy=""6.5"" fill=""currentColor"" r="".5""></circle></svg","Monday, 26th September 2022",House,"['1.6 km away', '2.4 km away', '3.9 km away']"
12 Havelock Street Burwood VIC 3125,$650.00,"[-37.8514922, 145.1179054]","['5 Beds', '3 Baths', '2 Parking']"," class=""css-dxogle"">* Unverified feature<svg aria-hidden=""true"" class=""domain-icon css-kry84i"" viewbox=""0 0 18 18""><circle cx=""9.5"" cy=""9.5"" fill=""none"" r=""6.5"" stroke=""currentColor"" stroke-width=""2""></circle><path d=""M9.5 11.5v-3"" fill=""none"" stroke=""currentColor""></path><circle cx=""9.5"" cy=""6.5"" fill=""currentColor"" r="".5""></circle></svg",Available Now,House,"['1.3 km away', '1.9 km away', '8.9 km away']"
3 Thistle Street Pascoe Vale South VIC 3044,$990pw / $4301pcm,"[-37.7405597, 144.934579]","['5 Beds', '3 Baths', '4 Parking']"," class=""css-dxogle"">* Unverified feature<svg aria-hidden=""true"" class=""domain-icon css-kry84i"" viewbox=""0 0 18 18""><circle cx=""9.5"" cy=""9.5"" fill=""none"" r=""6.5"" stroke=""currentColor"" stroke-width=""2""></circle><path d=""M9.5 11.5v-3"" fill=""none"" stroke=""currentColor""></path><circle cx=""9.5"" cy=""6.5"" fill=""currentColor"" r="".5""></circle></svg",Available Now,House,"['0.6 km away', '0.8 km away']"
43 Menzies Street Rye VIC 3941,$990 per week,"[-38.3867777, 144.797561]","['5 Beds', '2 Baths', '4 Parking']","Bursting with natural light and cascading over two levels, you will be immediately impressed and forever charmed by this wonderful coastal fully furnished home. As an idyllic haven to relish each and every day or for holidays to savour. Featuring:",Available Now,House,"['2.8 km away', '8.1 km away']"
17 Perivale Crescent Wyndham Vale VIC 3024,$440,"[-37.844431, 144.593342]","['5 Beds', '2 Baths', '2 Parking']"," class=""css-dxogle"">* Unverified feature<svg aria-hidden=""true"" class=""domain-icon css-kry84i"" viewbox=""0 0 18 18""><circle cx=""9.5"" cy=""9.5"" fill=""none"" r=""6.5"" stroke=""currentColor"" stroke-width=""2""></circle><path d=""M9.5 11.5v-3"" fill=""none"" stroke=""currentColor""></path><circle cx=""9.5"" cy=""6.5"" fill=""currentColor"" r="".5""></circle></svg",Available Now,House,['3.4 km away']
2/280 Barkly Street Elwood VIC 3184,$1045 per week,"[-37.8746852, 144.979986]","['5 Beds', '2 Baths', '1 Parking']"," class=""css-dxogle"">* Unverified feature<svg aria-hidden=""true"" class=""domain-icon css-kry84i"" viewbox=""0 0 18 18""><circle cx=""9.5"" cy=""9.5"" fill=""none"" r=""6.5"" stroke=""currentColor"" stroke-width=""2""></circle><path d=""M9.5 11.5v-3"" fill=""none"" stroke=""currentColor""></path><circle cx=""9.5"" cy=""6.5"" fill=""currentColor"" r="".5""></circle></svg","Monday, 20th February 2023",House,"['0.9 km away', '0.9 km away', '5.4 km away']"
46-48 Wells Road Beaumaris VIC 3193,"$2,500.00","[-37.9837637, 145.0499964]","['5 Beds', '3 Baths', '2 Parking', '1,056m² ']","A grand-scale renovation brings a contemporary West Coast vibe to one of the highest points in Beaumaris, where big bay, mountain and treetop views are truly magnificent. 
Every room and well-designed outdoor space of this spacious, quality home is ready for a luxe lifestyle, centered around four living and dining zones, a solar heater pool and spa, and deck, lawn and rooftop areas. Located near",Available Now,House,"['0.5 km away', '1.1 km away', '1.5 km away']"
27 Grandview Road Brighton VIC 3186,"$2,400.00","[-37.9016247, 145.0047756]","['5 Beds', '3 Baths', '4 Parking']",You MUST register for an inspection and we ask that you also confirm your attendance. AN AGENT WILL NOT BE PRESENT IF YOU DO NOT REGISTER and CONFIRM. Your consideration and co-operation is appreciated.,Available Now,House,"['1 km away', '2.4 km away', '5.8 km away']"
478 New Street Brighton VIC 3186,$2200 Per Week,"[-37.8929745, 144.9956723]","['5 Beds', '3 Baths', '2 Parking']",Samantha Middleton,Available Now,House,"['0.2 km away', '1.6 km away', '6.9 km away']"
116 Station St Burwood VIC 3125,$160 pw Furnished,"[-37.84723779999999, 145.1208795]","['5 Beds', '2 Baths', '5 Parking']"," class=""css-dxogle"">* Unverified feature<svg aria-hidden=""true"" class=""domain-icon css-kry84i"" viewbox=""0 0 18 18""><circle cx=""9.5"" cy=""9.5"" fill=""none"" r=""6.5"" stroke=""currentColor"" stroke-width=""2""></circle><path d=""M9.5 11.5v-3"" fill=""none"" stroke=""currentColor""></path><circle cx=""9.5"" cy=""6.5"" fill=""currentColor"" r="".5""></circle></svg",Available Now,House,"['1.5 km away', '2.4 km away', '8.5 km away']"
12 Melcombe Road Ivanhoe VIC 3079,"$1,100.00","[-37.7616163, 145.048347]","['5 Beds', '2 Baths', '2 Parking']"," class=""css-dxogle"">* Unverified feature<svg aria-hidden=""true"" class=""domain-icon css-kry84i"" viewbox=""0 0 18 18""><circle cx=""9.5"" cy=""9.5"" fill=""none"" r=""6.5"" stroke=""currentColor"" stroke-width=""2""></circle><path d=""M9.5 11.5v-3"" fill=""none"" stroke=""currentColor""></path><circle cx=""9.5"" cy=""6.5"" fill=""currentColor"" r="".5""></circle></svg",Available Now,House,"['0.7 km away', '2.1 km away', '5.4 km away']"
12 Dorothy Ave Sunshine VIC 3020,$550,"[-37.783587, 144.8432588]","['5 Beds', '2 Baths', '3 Parking', '610m² ']"," class=""css-dxogle"">* Unverified feature<svg aria-hidden=""true"" class=""domain-icon css-kry84i"" viewbox=""0 0 18 18""><circle cx=""9.5"" cy=""9.5"" fill=""none"" r=""6.5"" stroke=""currentColor"" stroke-width=""2""></circle><path d=""M9.5 11.5v-3"" fill=""none"" stroke=""currentColor""></path><circle cx=""9.5"" cy=""6.5"" fill=""currentColor"" r="".5""></circle></svg",Available Now,House,"['0.2 km away', '0.7 km away', '1.2 km away']"
15 Duffy Road Deanside VIC 3336,$500,"[-37.7410334, 144.7012061]","['5 Beds', '2 Baths', '2 Parking', '406m² ']"," class=""css-dxogle"">* Unverified feature<svg aria-hidden=""true"" class=""domain-icon css-kry84i"" viewbox=""0 0 18 18""><circle cx=""9.5"" cy=""9.5"" fill=""none"" r=""6.5"" stroke=""currentColor"" stroke-width=""2""></circle><path d=""M9.5 11.5v-3"" fill=""none"" stroke=""currentColor""></path><circle cx=""9.5"" cy=""6.5"" fill=""currentColor"" r="".5""></circle></svg",Available Now,House,"['3.2 km away', '3.6 km away', '13.5 km away']"
163 Cape Street Heidelberg VIC 3084,$650pw/$2824pcm,"[-37.7517586, 145.0676208]","['5 Beds', '1 Bath', '2 Parking']"," class=""css-dxogle"">* Unverified feature<svg aria-hidden=""true"" class=""domain-icon css-kry84i"" viewbox=""0 0 18 18""><circle cx=""9.5"" cy=""9.5"" fill=""none"" r=""6.5"" stroke=""currentColor"" stroke-width=""2""></circle><path d=""M9.5 11.5v-3"" fill=""none"" stroke=""currentColor""></path><circle cx=""9.5"" cy=""6.5"" fill=""currentColor"" r="".5""></circle></svg",Available Now,House,"['0.3 km away', '2.1 km away']"
8 Shiels Street Cranbourne East VIC 3977,$650 per week,"[-38.1172861, 145.3054935]","['5 Beds', '3 Baths', '2 Parking']"," class=""css-dxogle"">* Unverified feature<svg aria-hidden=""true"" class=""domain-icon css-kry84i"" viewbox=""0 0 18 18""><circle cx=""9.5"" cy=""9.5"" fill=""none"" r=""6.5"" stroke=""currentColor"" stroke-width=""2""></circle><path d=""M9.5 11.5v-3"" fill=""none"" stroke=""currentColor""></path><circle cx=""9.5"" cy=""6.5"" fill=""currentColor"" r="".5""></circle></svg",Available Now,House,"['0.7 km away', '1.4 km away', '14.3 km away']"
5B Delma Street Bentleigh East VIC 3165,$820.00,"[-37.9321774, 145.0523108]","['5 Beds', '2 Baths', '2 Parking']"," class=""css-dxogle"">* Unverified feature<svg aria-hidden=""true"" class=""domain-icon css-kry84i"" viewbox=""0 0 18 18""><circle cx=""9.5"" cy=""9.5"" fill=""none"" r=""6.5"" stroke=""currentColor"" stroke-width=""2""></circle><path d=""M9.5 11.5v-3"" fill=""none"" stroke=""currentColor""></path><circle cx=""9.5"" cy=""6.5"" fill=""currentColor"" r="".5""></circle></svg","Thursday, 22nd September 2022",Townhouse,"['0.3 km away', '0.8 km away', '1.1 km away']"
7 Bonanza Road Beaumaris VIC 3193,$2000 Per week,"[-37.980529, 145.0519862]","['5 Beds', '3 Baths', '4 Parking']"," class=""css-dxogle"">* Unverified feature<svg aria-hidden=""true"" class=""domain-icon css-kry84i"" viewbox=""0 0 18 18""><circle cx=""9.5"" cy=""9.5"" fill=""none"" r=""6.5"" stroke=""currentColor"" stroke-width=""2""></circle><path d=""M9.5 11.5v-3"" fill=""none"" stroke=""currentColor""></path><circle cx=""9.5"" cy=""6.5"" fill=""currentColor"" r="".5""></circle></svg",Available Now,House,"['0.2 km away', '1.3 km away', '1.6 km away']"
3 Bown Court Brighton East VIC 3187,"$1,450.00","[-37.9182554, 145.0151067]","['5 Beds', '3 Baths', '2 Parking']",A Quiet Cul De Sac invites you into this beautiful 2 storey family home with 5 bedrooms and 3 bathrooms on offer. A great layout that would suite a big family. Large family kitchen with good quality appliances and plenty of storage along with good sized meals area. Formal and informal dining rooms. Family room with separate study. Stunning in ground pool with fully decked outdoor entertaining area,Available Now,House,"['0.4 km away', '1.3 km away', '4.2 km away']"
275 Rathdowne Street Carlton VIC 3053,$1000 per week,"[-37.800255, 144.969766]","['5 Beds', '2 Baths', '− Parking']"," class=""css-dxogle"">* Unverified feature<svg aria-hidden=""true"" class=""domain-icon css-kry84i"" viewbox=""0 0 18 18""><circle cx=""9.5"" cy=""9.5"" fill=""none"" r=""6.5"" stroke=""currentColor"" stroke-width=""2""></circle><path d=""M9.5 11.5v-3"" fill=""none"" stroke=""currentColor""></path><circle cx=""9.5"" cy=""6.5"" fill=""currentColor"" r="".5""></circle></svg",Available Now,House,"['0.2 km away', '1.3 km away']"
Brighton VIC 3186,Fine Furnished Residences @ Westprecinct,"[-37.9044002, 144.9997396]","['5 Beds', '4 Baths', '3 Parking']",Welcome home to the GOLD STANDARD in furnished accommodation in a Westprecinct Signature Residence!,Available Now,Apartment / Unit / Flat,"['0.8 km away', '2.4 km away', '6 km away']"
18 Muyan Circuit Burwood VIC 3125,$800 per week,"[-37.8491937, 145.1252114]","['5 Beds', '2 Baths', '3 Parking']"," class=""css-dxogle"">* Unverified feature<svg aria-hidden=""true"" class=""domain-icon css-kry84i"" viewbox=""0 0 18 18""><circle cx=""9.5"" cy=""9.5"" fill=""none"" r=""6.5"" stroke=""currentColor"" stroke-width=""2""></circle><path d=""M9.5 11.5v-3"" fill=""none"" stroke=""currentColor""></path><circle cx=""9.5"" cy=""6.5"" fill=""currentColor"" r="".5""></circle></svg",Available Now,House,"['1.6 km away', '2.2 km away', '8.7 km away']"
12 Morobe Street Sorrento VIC 3943,$850 pw,"[-38.3543648, 144.758948]","['5 Beds', '2 Baths', '− Parking']",12 months minimum term ,Available Now,House,"['2.1 km away', '11.3 km away']"
39 Mountain Avenue Frankston South VIC 3199,"$1,100 per week","[-38.1959738, 145.1265045]","['5 Beds', '3 Baths', '3 Parking']"," class=""css-dxogle"">* Unverified feature<svg aria-hidden=""true"" class=""domain-icon css-kry84i"" viewbox=""0 0 18 18""><circle cx=""9.5"" cy=""9.5"" fill=""none"" r=""6.5"" stroke=""currentColor"" stroke-width=""2""></circle><path d=""M9.5 11.5v-3"" fill=""none"" stroke=""currentColor""></path><circle cx=""9.5"" cy=""6.5"" fill=""currentColor"" r="".5""></circle></svg",Available Now,House,"['2.4 km away', '2.9 km away', '6.3 km away']"
109 Gordon Street Footscray VIC 3011,$560 per week,"[-37.7942249, 144.8893041]","['5 Beds', '2 Baths', '2 Parking']","Five (5) bedrooms, master with ensuite, make this a great family home, with separate lounge and dining area. Open plan kitchen with large meals area, enough room for all the family &amp; their friends.
Features include, solar panels, split system heating/cooling to the main living area, brand new blinds &amp; flooring.",Available Now,House,"['0.5 km away', '0.5 km away', '0.5 km away']"
1/325 Johnston Street Abbotsford VIC 3067,$950 Per Week,"[-37.80042299999999, 144.997448]","['5 Beds', '2 Baths', '1 Parking']",** BOOK INSPECTION ONLINE **,Available Now,House,['0.7 km away']
22 Strathmore street Bentleigh VIC 3204,Under Offer,"[-37.9157719, 145.0445573]","['5 Beds', '4 Baths', '2 Parking', '667m² ']"," class=""css-dxogle"">* Unverified feature<svg aria-hidden=""true"" class=""domain-icon css-kry84i"" viewbox=""0 0 18 18""><circle cx=""9.5"" cy=""9.5"" fill=""none"" r=""6.5"" stroke=""currentColor"" stroke-width=""2""></circle><path d=""M9.5 11.5v-3"" fill=""none"" stroke=""currentColor""></path><circle cx=""9.5"" cy=""6.5"" fill=""currentColor"" r="".5""></circle></svg",Available Now,House,"['0.6 km away', '1.1 km away', '2 km away']"
1/30 Francis Clayton VIC 3168,$700,"[-37.9258998, 145.1243233]","['5 Beds', '3 Baths', '1 Parking']","Enjoying this contemporary new renovated 5 bedroom townhouse in a sought after location in Clayton. This property offers all amenities in walking distance. Take a 3 minute walk to the busy Clayton shopping village/train station, Hong Kong supermarket, Clayton Library and Clayton Fitness Centre, with the 2.0 km to Monash University.",Available Now,Townhouse,"['1.4 km away', '1.5 km away', '1.9 km away']"
25A Flinders Street Queenscliff VIC 3225,"$1,500 pw","[-38.2711542, 144.6513737]","['5 Beds', '2 Baths', '3 Parking']"," class=""css-dxogle"">* Unverified feature<svg aria-hidden=""true"" class=""domain-icon css-kry84i"" viewbox=""0 0 18 18""><circle cx=""9.5"" cy=""9.5"" fill=""none"" r=""6.5"" stroke=""currentColor"" stroke-width=""2""></circle><path d=""M9.5 11.5v-3"" fill=""none"" stroke=""currentColor""></path><circle cx=""9.5"" cy=""6.5"" fill=""currentColor"" r="".5""></circle></svg",Available Now,House,"['0.6 km away', '12.1 km away']"
37 Grovelands Street Mulgrave VIC 3170,$620,"[-37.933853, 145.181867]","['5 Beds', '1 Bath', '9 Parking']"," class=""css-dxogle"">* Unverified feature<svg aria-hidden=""true"" class=""domain-icon css-kry84i"" viewbox=""0 0 18 18""><circle cx=""9.5"" cy=""9.5"" fill=""none"" r=""6.5"" stroke=""currentColor"" stroke-width=""2""></circle><path d=""M9.5 11.5v-3"" fill=""none"" stroke=""currentColor""></path><circle cx=""9.5"" cy=""6.5"" fill=""currentColor"" r="".5""></circle></svg",Available Now,House,"['1 km away', '1 km away', '10.6 km away']"
87 Mascoma St Strathmore VIC 3041,$595,"[-37.7248814, 144.9153138]","['5 Beds', '2 Baths', '1 Parking']"," class=""css-dxogle"">* Unverified feature<svg aria-hidden=""true"" class=""domain-icon css-kry84i"" viewbox=""0 0 18 18""><circle cx=""9.5"" cy=""9.5"" fill=""none"" r=""6.5"" stroke=""currentColor"" stroke-width=""2""></circle><path d=""M9.5 11.5v-3"" fill=""none"" stroke=""currentColor""></path><circle cx=""9.5"" cy=""6.5"" fill=""currentColor"" r="".5""></circle></svg",Available Now,House,"['0.6 km away', '1.7 km away', '1.9 km away']"
14 Sheffield Way Keysborough VIC 3173,$625 / wk,"[-38.001862, 145.149264]","['5 Beds', '2 Baths', '2 Parking']"," class=""css-dxogle"">* Unverified feature<svg aria-hidden=""true"" class=""domain-icon css-kry84i"" viewbox=""0 0 18 18""><circle cx=""9.5"" cy=""9.5"" fill=""none"" r=""6.5"" stroke=""currentColor"" stroke-width=""2""></circle><path d=""M9.5 11.5v-3"" fill=""none"" stroke=""currentColor""></path><circle cx=""9.5"" cy=""6.5"" fill=""currentColor"" r="".5""></circle></svg",Available Now,House,"['1.4 km away', '3.5 km away', '4 km away']"
3.3/7 White Street Oakleigh East VIC 3166,$215 per week,"[-37.9119292, 145.119709]","['5 Beds', '1 Bath', '− Parking']"," class=""css-dxogle"">* Unverified feature<svg aria-hidden=""true"" class=""domain-icon css-kry84i"" viewbox=""0 0 18 18""><circle cx=""9.5"" cy=""9.5"" fill=""none"" r=""6.5"" stroke=""currentColor"" stroke-width=""2""></circle><path d=""M9.5 11.5v-3"" fill=""none"" stroke=""currentColor""></path><circle cx=""9.5"" cy=""6.5"" fill=""currentColor"" r="".5""></circle></svg",Available Now,Townhouse,"['0.3 km away', '0.8 km away', '2.9 km away']"
